STATION,STATION_NAME,DATE,MMXT
COOP:241044,BOZEMAN MONTANA STATE UNIVERSITY MT US,190001,37.6
COOP:241044,BOZEMAN MONTANA STATE UNIVERSITY MT US,190002,29.9
COOP:241044,BOZEMAN MONTANA STATE UNIVERSITY MT US,190003,47.7
COOP:241044,BOZEMAN MONTANA STATE UNIVERSITY MT US,190004,52.7
COOP:241044,BOZEMAN MONTANA STATE UNIVERSITY MT US,190005,66.6
COOP:241044,BOZEMAN MONTANA STATE UNIVERSITY MT US,190006,79.1
COOP:241044,BOZEMAN MONTANA STATE UNIVERSITY MT US,190007,79.6
COOP:241044,BOZEMAN MONTANA STATE UNIVERSITY MT US,190008,76
COOP:241044,BOZEMAN MONTANA STATE UNIVERSITY MT US,190009,66.3
COOP:241044,BOZEMAN MONTANA STATE UNIVERSITY MT US,190010,55.2
COOP:241044,BOZEMAN MONTANA STATE UNIVERSITY MT US,190101,32.9
COOP:241044,BOZEMAN MONTANA STATE UNIVERSITY MT US,190102,29.6
COOP:241044,BOZEMAN MONTANA STATE UNIVERSITY MT US,190103,43.1
COOP:241044,BOZEMAN MONTANA STATE UNIVERSITY MT US,190104,50.5
COOP:241044,BOZEMAN MONTANA STATE UNIVERSITY MT US,190105,66.1
COOP:241044,BOZEMAN MONTANA STATE UNIVERSITY MT US,190106,63.1
COOP:241044,BOZEMAN MONTANA STATE UNIVERSITY MT US,190107,84.5
COOP:241044,BOZEMAN MONTANA STATE UNIVERSITY MT US,190108,81.3
COOP:241044,BOZEMAN MONTANA STATE UNIVERSITY MT US,190109,57.6
COOP:241044,BOZEMAN MONTANA STATE UNIVERSITY MT US,190110,60.3
COOP:241044,BOZEMAN MONTANA STATE UNIVERSITY MT US,190111,48.4
COOP:241044,BOZEMAN MONTANA STATE UNIVERSITY MT US,190112,33
COOP:241044,BOZEMAN MONTANA STATE UNIVERSITY MT US,190201,28.2
COOP:241044,BOZEMAN MONTANA STATE UNIVERSITY MT US,190202,37.2
COOP:241044,BOZEMAN MONTANA STATE UNIVERSITY MT US,190203,38.6
COOP:241044,BOZEMAN MONTANA STATE UNIVERSITY MT US,190204,50.6
COOP:241044,BOZEMAN MONTANA STATE UNIVERSITY MT US,190205,63.1
COOP:241044,BOZEMAN MONTANA STATE UNIVERSITY MT US,190206,68.2
COOP:241044,BOZEMAN MONTANA STATE UNIVERSITY MT US,190207,74.9
COOP:241044,BOZEMAN MONTANA STATE UNIVERSITY MT US,190208,76.8
COOP:241044,BOZEMAN MONTANA STATE UNIVERSITY MT US,190209,66.3
COOP:241044,BOZEMAN MONTANA STATE UNIVERSITY MT US,190210,57.7
COOP:241044,BOZEMAN MONTANA STATE UNIVERSITY MT US,190211,40.4
COOP:241044,BOZEMAN MONTANA STATE UNIVERSITY MT US,190212,33.5
COOP:241044,BOZEMAN MONTANA STATE UNIVERSITY MT US,190301,35.9
COOP:241044,BOZEMAN MONTANA STATE UNIVERSITY MT US,190302,28.1
COOP:241044,BOZEMAN MONTANA STATE UNIVERSITY MT US,190303,38.4
COOP:241044,BOZEMAN MONTANA STATE UNIVERSITY MT US,190304,48.5
COOP:241044,BOZEMAN MONTANA STATE UNIVERSITY MT US,190305,59.1
COOP:241044,BOZEMAN MONTANA STATE UNIVERSITY MT US,190306,71.5
COOP:241044,BOZEMAN MONTANA STATE UNIVERSITY MT US,190307,72.1
COOP:241044,BOZEMAN MONTANA STATE UNIVERSITY MT US,190308,77.2
COOP:241044,BOZEMAN MONTANA STATE UNIVERSITY MT US,190309,63.4
COOP:241044,BOZEMAN MONTANA STATE UNIVERSITY MT US,190310,60.8
COOP:241044,BOZEMAN MONTANA STATE UNIVERSITY MT US,190311,36.7
COOP:241044,BOZEMAN MONTANA STATE UNIVERSITY MT US,190312,34.1
COOP:241044,BOZEMAN MONTANA STATE UNIVERSITY MT US,190401,31.8
COOP:241044,BOZEMAN MONTANA STATE UNIVERSITY MT US,190402,33.5
COOP:241044,BOZEMAN MONTANA STATE UNIVERSITY MT US,190403,35.5
COOP:241044,BOZEMAN MONTANA STATE UNIVERSITY MT US,190404,53.7
COOP:241044,BOZEMAN MONTANA STATE UNIVERSITY MT US,190405,59.2
COOP:241044,BOZEMAN MONTANA STATE UNIVERSITY MT US,190406,68.7
COOP:241044,BOZEMAN MONTANA STATE UNIVERSITY MT US,190407,76.5
COOP:241044,BOZEMAN MONTANA STATE UNIVERSITY MT US,190408,78.7
COOP:241044,BOZEMAN MONTANA STATE UNIVERSITY MT US,190409,69.9
COOP:241044,BOZEMAN MONTANA STATE UNIVERSITY MT US,190410,59
COOP:241044,BOZEMAN MONTANA STATE UNIVERSITY MT US,190411,51.3
COOP:241044,BOZEMAN MONTANA STATE UNIVERSITY MT US,190412,34.9
COOP:241044,BOZEMAN MONTANA STATE UNIVERSITY MT US,190501,28.1
COOP:241044,BOZEMAN MONTANA STATE UNIVERSITY MT US,190502,27.3
COOP:241044,BOZEMAN MONTANA STATE UNIVERSITY MT US,190503,45.4
COOP:241044,BOZEMAN MONTANA STATE UNIVERSITY MT US,190504,51.6
COOP:241044,BOZEMAN MONTANA STATE UNIVERSITY MT US,190505,55.1
COOP:241044,BOZEMAN MONTANA STATE UNIVERSITY MT US,190506,64.5
COOP:241044,BOZEMAN MONTANA STATE UNIVERSITY MT US,190508,79.1
COOP:241044,BOZEMAN MONTANA STATE UNIVERSITY MT US,190509,71.3
COOP:241044,BOZEMAN MONTANA STATE UNIVERSITY MT US,190510,49.3
COOP:241044,BOZEMAN MONTANA STATE UNIVERSITY MT US,190511,42.1
COOP:241044,BOZEMAN MONTANA STATE UNIVERSITY MT US,190512,31.8
COOP:241044,BOZEMAN MONTANA STATE UNIVERSITY MT US,190601,35.4
COOP:241044,BOZEMAN MONTANA STATE UNIVERSITY MT US,190602,35.7
COOP:241044,BOZEMAN MONTANA STATE UNIVERSITY MT US,190603,30.6
COOP:241044,BOZEMAN MONTANA STATE UNIVERSITY MT US,190604,54.3
COOP:241044,BOZEMAN MONTANA STATE UNIVERSITY MT US,190605,58.2
COOP:241044,BOZEMAN MONTANA STATE UNIVERSITY MT US,190606,64.6
COOP:241044,BOZEMAN MONTANA STATE UNIVERSITY MT US,190607,80.2
COOP:241044,BOZEMAN MONTANA STATE UNIVERSITY MT US,190609,69.3
COOP:241044,BOZEMAN MONTANA STATE UNIVERSITY MT US,190610,57.1
COOP:241044,BOZEMAN MONTANA STATE UNIVERSITY MT US,190611,37.3
COOP:241044,BOZEMAN MONTANA STATE UNIVERSITY MT US,190612,37
COOP:241044,BOZEMAN MONTANA STATE UNIVERSITY MT US,190701,19.9
COOP:241044,BOZEMAN MONTANA STATE UNIVERSITY MT US,190702,38.9
COOP:241044,BOZEMAN MONTANA STATE UNIVERSITY MT US,190703,41.5
COOP:241044,BOZEMAN MONTANA STATE UNIVERSITY MT US,190704,49.8
COOP:241044,BOZEMAN MONTANA STATE UNIVERSITY MT US,190705,56.1
COOP:241044,BOZEMAN MONTANA STATE UNIVERSITY MT US,190706,63
COOP:241044,BOZEMAN MONTANA STATE UNIVERSITY MT US,190707,73.8
COOP:241044,BOZEMAN MONTANA STATE UNIVERSITY MT US,190708,72.1
COOP:241044,BOZEMAN MONTANA STATE UNIVERSITY MT US,190709,65
COOP:241044,BOZEMAN MONTANA STATE UNIVERSITY MT US,190710,61.1
COOP:241044,BOZEMAN MONTANA STATE UNIVERSITY MT US,190711,44.7
COOP:241044,BOZEMAN MONTANA STATE UNIVERSITY MT US,190712,36.1
COOP:241044,BOZEMAN MONTANA STATE UNIVERSITY MT US,190801,33.8
COOP:241044,BOZEMAN MONTANA STATE UNIVERSITY MT US,190802,34.5
COOP:241044,BOZEMAN MONTANA STATE UNIVERSITY MT US,190803,39.5
COOP:241044,BOZEMAN MONTANA STATE UNIVERSITY MT US,190804,55.6
COOP:241044,BOZEMAN MONTANA STATE UNIVERSITY MT US,190805,55.3
COOP:241044,BOZEMAN MONTANA STATE UNIVERSITY MT US,190806,63.9
COOP:241044,BOZEMAN MONTANA STATE UNIVERSITY MT US,190807,80.7
COOP:241044,BOZEMAN MONTANA STATE UNIVERSITY MT US,190808,74.3
COOP:241044,BOZEMAN MONTANA STATE UNIVERSITY MT US,190809,69.4
COOP:241044,BOZEMAN MONTANA STATE UNIVERSITY MT US,190810,49.8
COOP:241044,BOZEMAN MONTANA STATE UNIVERSITY MT US,190811,44.2
COOP:241044,BOZEMAN MONTANA STATE UNIVERSITY MT US,190812,30.4
COOP:241044,BOZEMAN MONTANA STATE UNIVERSITY MT US,190901,27.1
COOP:241044,BOZEMAN MONTANA STATE UNIVERSITY MT US,190902,34.9
COOP:241044,BOZEMAN MONTANA STATE UNIVERSITY MT US,190903,40.4
COOP:241044,BOZEMAN MONTANA STATE UNIVERSITY MT US,190904,43.3
COOP:241044,BOZEMAN MONTANA STATE UNIVERSITY MT US,190905,56.5
COOP:241044,BOZEMAN MONTANA STATE UNIVERSITY MT US,190906,70.1
COOP:241044,BOZEMAN MONTANA STATE UNIVERSITY MT US,190907,77.3
COOP:241044,BOZEMAN MONTANA STATE UNIVERSITY MT US,190908,79.1
COOP:241044,BOZEMAN MONTANA STATE UNIVERSITY MT US,190909,65.7
COOP:241044,BOZEMAN MONTANA STATE UNIVERSITY MT US,190910,56.2
COOP:241044,BOZEMAN MONTANA STATE UNIVERSITY MT US,190911,43.7
COOP:241044,BOZEMAN MONTANA STATE UNIVERSITY MT US,190912,21.7
COOP:241044,BOZEMAN MONTANA STATE UNIVERSITY MT US,191001,27.5
COOP:241044,BOZEMAN MONTANA STATE UNIVERSITY MT US,191002,25.2
COOP:241044,BOZEMAN MONTANA STATE UNIVERSITY MT US,191003,53.3
COOP:241044,BOZEMAN MONTANA STATE UNIVERSITY MT US,191004,60.8
COOP:241044,BOZEMAN MONTANA STATE UNIVERSITY MT US,191005,62.2
COOP:241044,BOZEMAN MONTANA STATE UNIVERSITY MT US,191006,73.9
COOP:241044,BOZEMAN MONTANA STATE UNIVERSITY MT US,191007,81.5
COOP:241044,BOZEMAN MONTANA STATE UNIVERSITY MT US,191008,75.4
COOP:241044,BOZEMAN MONTANA STATE UNIVERSITY MT US,191009,62
COOP:241044,BOZEMAN MONTANA STATE UNIVERSITY MT US,191010,58.9
COOP:241044,BOZEMAN MONTANA STATE UNIVERSITY MT US,191011,41.4
COOP:241044,BOZEMAN MONTANA STATE UNIVERSITY MT US,191012,33.9
COOP:241044,BOZEMAN MONTANA STATE UNIVERSITY MT US,191101,31.8
COOP:241044,BOZEMAN MONTANA STATE UNIVERSITY MT US,191102,27.7
COOP:241044,BOZEMAN MONTANA STATE UNIVERSITY MT US,191103,48.7
COOP:241044,BOZEMAN MONTANA STATE UNIVERSITY MT US,191104,49.5
COOP:241044,BOZEMAN MONTANA STATE UNIVERSITY MT US,191105,59
COOP:241044,BOZEMAN MONTANA STATE UNIVERSITY MT US,191106,71.3
COOP:241044,BOZEMAN MONTANA STATE UNIVERSITY MT US,191107,76
COOP:241044,BOZEMAN MONTANA STATE UNIVERSITY MT US,191108,72.3
COOP:241044,BOZEMAN MONTANA STATE UNIVERSITY MT US,191109,61.9
COOP:241044,BOZEMAN MONTANA STATE UNIVERSITY MT US,191110,49.6
COOP:241044,BOZEMAN MONTANA STATE UNIVERSITY MT US,191111,35.5
COOP:241044,BOZEMAN MONTANA STATE UNIVERSITY MT US,191112,29.9
COOP:241044,BOZEMAN MONTANA STATE UNIVERSITY MT US,191201,32.2
COOP:241044,BOZEMAN MONTANA STATE UNIVERSITY MT US,191202,36.1
COOP:241044,BOZEMAN MONTANA STATE UNIVERSITY MT US,191203,28.2
COOP:241044,BOZEMAN MONTANA STATE UNIVERSITY MT US,191204,50.3
COOP:241044,BOZEMAN MONTANA STATE UNIVERSITY MT US,191205,59.2
COOP:241044,BOZEMAN MONTANA STATE UNIVERSITY MT US,191206,71.5
COOP:241044,BOZEMAN MONTANA STATE UNIVERSITY MT US,191207,72.1
COOP:241044,BOZEMAN MONTANA STATE UNIVERSITY MT US,191208,71.3
COOP:241044,BOZEMAN MONTANA STATE UNIVERSITY MT US,191209,57.7
COOP:241044,BOZEMAN MONTANA STATE UNIVERSITY MT US,191210,48
COOP:241044,BOZEMAN MONTANA STATE UNIVERSITY MT US,191211,45.4
COOP:241044,BOZEMAN MONTANA STATE UNIVERSITY MT US,191212,32.9
COOP:241044,BOZEMAN MONTANA STATE UNIVERSITY MT US,191301,30.9
COOP:241044,BOZEMAN MONTANA STATE UNIVERSITY MT US,191302,23.6
COOP:241044,BOZEMAN MONTANA STATE UNIVERSITY MT US,191303,34.3
COOP:241044,BOZEMAN MONTANA STATE UNIVERSITY MT US,191304,53.7
COOP:241044,BOZEMAN MONTANA STATE UNIVERSITY MT US,191305,59.9
COOP:241044,BOZEMAN MONTANA STATE UNIVERSITY MT US,191306,69.5
COOP:241044,BOZEMAN MONTANA STATE UNIVERSITY MT US,191307,72.6
COOP:241044,BOZEMAN MONTANA STATE UNIVERSITY MT US,191308,79
COOP:241044,BOZEMAN MONTANA STATE UNIVERSITY MT US,191309,67.6
COOP:241044,BOZEMAN MONTANA STATE UNIVERSITY MT US,191310,47.5
COOP:241044,BOZEMAN MONTANA STATE UNIVERSITY MT US,191311,44.8
COOP:241044,BOZEMAN MONTANA STATE UNIVERSITY MT US,191312,30.7
COOP:241044,BOZEMAN MONTANA STATE UNIVERSITY MT US,191401,37.5
COOP:241044,BOZEMAN MONTANA STATE UNIVERSITY MT US,191402,32
COOP:241044,BOZEMAN MONTANA STATE UNIVERSITY MT US,191403,44.7
COOP:241044,BOZEMAN MONTANA STATE UNIVERSITY MT US,191404,50.6
COOP:241044,BOZEMAN MONTANA STATE UNIVERSITY MT US,191405,64
COOP:241044,BOZEMAN MONTANA STATE UNIVERSITY MT US,191406,67.3
COOP:241044,BOZEMAN MONTANA STATE UNIVERSITY MT US,191407,80.1
COOP:241044,BOZEMAN MONTANA STATE UNIVERSITY MT US,191408,77.5
COOP:241044,BOZEMAN MONTANA STATE UNIVERSITY MT US,191409,66.9
COOP:241044,BOZEMAN MONTANA STATE UNIVERSITY MT US,191410,54.2
COOP:241044,BOZEMAN MONTANA STATE UNIVERSITY MT US,191411,50.3
COOP:241044,BOZEMAN MONTANA STATE UNIVERSITY MT US,191412,26.1
COOP:241044,BOZEMAN MONTANA STATE UNIVERSITY MT US,191501,31.1
COOP:241044,BOZEMAN MONTANA STATE UNIVERSITY MT US,191502,38.1
COOP:241044,BOZEMAN MONTANA STATE UNIVERSITY MT US,191503,42.7
COOP:241044,BOZEMAN MONTANA STATE UNIVERSITY MT US,191504,59.8
COOP:241044,BOZEMAN MONTANA STATE UNIVERSITY MT US,191505,56.4
COOP:241044,BOZEMAN MONTANA STATE UNIVERSITY MT US,191506,62.8
COOP:241044,BOZEMAN MONTANA STATE UNIVERSITY MT US,191507,69.7
COOP:241044,BOZEMAN MONTANA STATE UNIVERSITY MT US,191508,79.2
COOP:241044,BOZEMAN MONTANA STATE UNIVERSITY MT US,191509,59.3
COOP:241044,BOZEMAN MONTANA STATE UNIVERSITY MT US,191510,60
COOP:241044,BOZEMAN MONTANA STATE UNIVERSITY MT US,191511,39.7
COOP:241044,BOZEMAN MONTANA STATE UNIVERSITY MT US,191512,31.6
COOP:241044,BOZEMAN MONTANA STATE UNIVERSITY MT US,191601,11.9
COOP:241044,BOZEMAN MONTANA STATE UNIVERSITY MT US,191602,33.8
COOP:241044,BOZEMAN MONTANA STATE UNIVERSITY MT US,191603,46.3
COOP:241044,BOZEMAN MONTANA STATE UNIVERSITY MT US,191604,50.7
COOP:241044,BOZEMAN MONTANA STATE UNIVERSITY MT US,191605,53.6
COOP:241044,BOZEMAN MONTANA STATE UNIVERSITY MT US,191606,65.9
COOP:241044,BOZEMAN MONTANA STATE UNIVERSITY MT US,191607,79.8
COOP:241044,BOZEMAN MONTANA STATE UNIVERSITY MT US,191608,76.6
COOP:241044,BOZEMAN MONTANA STATE UNIVERSITY MT US,191609,67.3
COOP:241044,BOZEMAN MONTANA STATE UNIVERSITY MT US,191610,49.3
COOP:241044,BOZEMAN MONTANA STATE UNIVERSITY MT US,191611,36
COOP:241044,BOZEMAN MONTANA STATE UNIVERSITY MT US,191612,25.8
COOP:241044,BOZEMAN MONTANA STATE UNIVERSITY MT US,191701,26.3
COOP:241044,BOZEMAN MONTANA STATE UNIVERSITY MT US,191702,28.7
COOP:241044,BOZEMAN MONTANA STATE UNIVERSITY MT US,191703,32
COOP:241044,BOZEMAN MONTANA STATE UNIVERSITY MT US,191704,44.1
COOP:241044,BOZEMAN MONTANA STATE UNIVERSITY MT US,191705,57.7
COOP:241044,BOZEMAN MONTANA STATE UNIVERSITY MT US,191706,68.5
COOP:241044,BOZEMAN MONTANA STATE UNIVERSITY MT US,191707,84.9
COOP:241044,BOZEMAN MONTANA STATE UNIVERSITY MT US,191708,78.8
COOP:241044,BOZEMAN MONTANA STATE UNIVERSITY MT US,191709,70.6
COOP:241044,BOZEMAN MONTANA STATE UNIVERSITY MT US,191710,55.3
COOP:241044,BOZEMAN MONTANA STATE UNIVERSITY MT US,191711,50.6
COOP:241044,BOZEMAN MONTANA STATE UNIVERSITY MT US,191712,38.8
COOP:241044,BOZEMAN MONTANA STATE UNIVERSITY MT US,191801,27.9
COOP:241044,BOZEMAN MONTANA STATE UNIVERSITY MT US,191802,30.1
COOP:241044,BOZEMAN MONTANA STATE UNIVERSITY MT US,191803,45.7
COOP:241044,BOZEMAN MONTANA STATE UNIVERSITY MT US,191804,46.4
COOP:241044,BOZEMAN MONTANA STATE UNIVERSITY MT US,191805,59.8
COOP:241044,BOZEMAN MONTANA STATE UNIVERSITY MT US,191806,77.3
COOP:241044,BOZEMAN MONTANA STATE UNIVERSITY MT US,191807,75.8
COOP:241044,BOZEMAN MONTANA STATE UNIVERSITY MT US,191808,74.5
COOP:241044,BOZEMAN MONTANA STATE UNIVERSITY MT US,191809,65.5
COOP:241044,BOZEMAN MONTANA STATE UNIVERSITY MT US,191810,58.6
COOP:241044,BOZEMAN MONTANA STATE UNIVERSITY MT US,191811,38
COOP:241044,BOZEMAN MONTANA STATE UNIVERSITY MT US,191812,35.4
COOP:241044,BOZEMAN MONTANA STATE UNIVERSITY MT US,191901,38.8
COOP:241044,BOZEMAN MONTANA STATE UNIVERSITY MT US,191902,29
COOP:241044,BOZEMAN MONTANA STATE UNIVERSITY MT US,191903,41.5
COOP:241044,BOZEMAN MONTANA STATE UNIVERSITY MT US,191904,56.5
COOP:241044,BOZEMAN MONTANA STATE UNIVERSITY MT US,191905,65.4
COOP:241044,BOZEMAN MONTANA STATE UNIVERSITY MT US,191906,80.3
COOP:241044,BOZEMAN MONTANA STATE UNIVERSITY MT US,191907,87.2
COOP:241044,BOZEMAN MONTANA STATE UNIVERSITY MT US,191908,81.7
COOP:241044,BOZEMAN MONTANA STATE UNIVERSITY MT US,191909,67.1
COOP:241044,BOZEMAN MONTANA STATE UNIVERSITY MT US,191910,42.6
COOP:241044,BOZEMAN MONTANA STATE UNIVERSITY MT US,191911,34
COOP:241044,BOZEMAN MONTANA STATE UNIVERSITY MT US,191912,24.2
COOP:241044,BOZEMAN MONTANA STATE UNIVERSITY MT US,192001,34.4
COOP:241044,BOZEMAN MONTANA STATE UNIVERSITY MT US,192002,32.7
COOP:241044,BOZEMAN MONTANA STATE UNIVERSITY MT US,192003,35
COOP:241044,BOZEMAN MONTANA STATE UNIVERSITY MT US,192004,42.2
COOP:241044,BOZEMAN MONTANA STATE UNIVERSITY MT US,192005,58.2
COOP:241044,BOZEMAN MONTANA STATE UNIVERSITY MT US,192006,69
COOP:241044,BOZEMAN MONTANA STATE UNIVERSITY MT US,192007,79.6
COOP:241044,BOZEMAN MONTANA STATE UNIVERSITY MT US,192008,78.2
COOP:241044,BOZEMAN MONTANA STATE UNIVERSITY MT US,192009,68.8
COOP:241044,BOZEMAN MONTANA STATE UNIVERSITY MT US,192010,51.2
COOP:241044,BOZEMAN MONTANA STATE UNIVERSITY MT US,192011,36.4
COOP:241044,BOZEMAN MONTANA STATE UNIVERSITY MT US,192012,34.4
COOP:241044,BOZEMAN MONTANA STATE UNIVERSITY MT US,192101,35.3
COOP:241044,BOZEMAN MONTANA STATE UNIVERSITY MT US,192102,39.3
COOP:241044,BOZEMAN MONTANA STATE UNIVERSITY MT US,192103,44.5
COOP:241044,BOZEMAN MONTANA STATE UNIVERSITY MT US,192104,49.5
COOP:241044,BOZEMAN MONTANA STATE UNIVERSITY MT US,192105,58.2
COOP:241044,BOZEMAN MONTANA STATE UNIVERSITY MT US,192106,74.1
COOP:241044,BOZEMAN MONTANA STATE UNIVERSITY MT US,192107,80.7
COOP:241044,BOZEMAN MONTANA STATE UNIVERSITY MT US,192108,79.4
COOP:241044,BOZEMAN MONTANA STATE UNIVERSITY MT US,192109,60.1
COOP:241044,BOZEMAN MONTANA STATE UNIVERSITY MT US,192110,61.5
COOP:241044,BOZEMAN MONTANA STATE UNIVERSITY MT US,192111,41.2
COOP:241044,BOZEMAN MONTANA STATE UNIVERSITY MT US,192112,28.4
COOP:241044,BOZEMAN MONTANA STATE UNIVERSITY MT US,192201,23.3
COOP:241044,BOZEMAN MONTANA STATE UNIVERSITY MT US,192202,21.7
COOP:241044,BOZEMAN MONTANA STATE UNIVERSITY MT US,192203,38.2
COOP:241044,BOZEMAN MONTANA STATE UNIVERSITY MT US,192204,47.6
COOP:241044,BOZEMAN MONTANA STATE UNIVERSITY MT US,192205,59.5
COOP:241044,BOZEMAN MONTANA STATE UNIVERSITY MT US,192206,75
COOP:241044,BOZEMAN MONTANA STATE UNIVERSITY MT US,192207,76.8
COOP:241044,BOZEMAN MONTANA STATE UNIVERSITY MT US,192208,81.6
COOP:241044,BOZEMAN MONTANA STATE UNIVERSITY MT US,192209,73.9
COOP:241044,BOZEMAN MONTANA STATE UNIVERSITY MT US,192210,60.8
COOP:241044,BOZEMAN MONTANA STATE UNIVERSITY MT US,192211,35.8
COOP:241044,BOZEMAN MONTANA STATE UNIVERSITY MT US,192212,28.1
COOP:241044,BOZEMAN MONTANA STATE UNIVERSITY MT US,192301,34.7
COOP:241044,BOZEMAN MONTANA STATE UNIVERSITY MT US,192302,28.8
COOP:241044,BOZEMAN MONTANA STATE UNIVERSITY MT US,192303,40.8
COOP:241044,BOZEMAN MONTANA STATE UNIVERSITY MT US,192304,55.5
COOP:241044,BOZEMAN MONTANA STATE UNIVERSITY MT US,192305,62.2
COOP:241044,BOZEMAN MONTANA STATE UNIVERSITY MT US,192306,68.4
COOP:241044,BOZEMAN MONTANA STATE UNIVERSITY MT US,192307,82.7
COOP:241044,BOZEMAN MONTANA STATE UNIVERSITY MT US,192308,78.7
COOP:241044,BOZEMAN MONTANA STATE UNIVERSITY MT US,192309,69.6
COOP:241044,BOZEMAN MONTANA STATE UNIVERSITY MT US,192310,49
COOP:241044,BOZEMAN MONTANA STATE UNIVERSITY MT US,192311,47
COOP:241044,BOZEMAN MONTANA STATE UNIVERSITY MT US,192312,31.4
COOP:241044,BOZEMAN MONTANA STATE UNIVERSITY MT US,192401,27.9
COOP:241044,BOZEMAN MONTANA STATE UNIVERSITY MT US,192402,38.8
COOP:241044,BOZEMAN MONTANA STATE UNIVERSITY MT US,192403,33.5
COOP:241044,BOZEMAN MONTANA STATE UNIVERSITY MT US,192404,47.1
COOP:241044,BOZEMAN MONTANA STATE UNIVERSITY MT US,192405,65.1
COOP:241044,BOZEMAN MONTANA STATE UNIVERSITY MT US,192406,69.4
COOP:241044,BOZEMAN MONTANA STATE UNIVERSITY MT US,192407,78.1
COOP:241044,BOZEMAN MONTANA STATE UNIVERSITY MT US,192408,78.8
COOP:241044,BOZEMAN MONTANA STATE UNIVERSITY MT US,192409,68.4
COOP:241044,BOZEMAN MONTANA STATE UNIVERSITY MT US,192410,54.5
COOP:241044,BOZEMAN MONTANA STATE UNIVERSITY MT US,192411,38.9
COOP:241044,BOZEMAN MONTANA STATE UNIVERSITY MT US,192412,22.5
COOP:241044,BOZEMAN MONTANA STATE UNIVERSITY MT US,192501,33.9
COOP:241044,BOZEMAN MONTANA STATE UNIVERSITY MT US,192502,41.4
COOP:241044,BOZEMAN MONTANA STATE UNIVERSITY MT US,192503,43.4
COOP:241044,BOZEMAN MONTANA STATE UNIVERSITY MT US,192504,54.1
COOP:241044,BOZEMAN MONTANA STATE UNIVERSITY MT US,192505,64.8
COOP:241044,BOZEMAN MONTANA STATE UNIVERSITY MT US,192506,69.2
COOP:241044,BOZEMAN MONTANA STATE UNIVERSITY MT US,192507,81.6
COOP:241044,BOZEMAN MONTANA STATE UNIVERSITY MT US,192508,78.1
COOP:241044,BOZEMAN MONTANA STATE UNIVERSITY MT US,192509,62.8
COOP:241044,BOZEMAN MONTANA STATE UNIVERSITY MT US,192510,43.2
COOP:241044,BOZEMAN MONTANA STATE UNIVERSITY MT US,192511,38.3
COOP:241044,BOZEMAN MONTANA STATE UNIVERSITY MT US,192512,36.4
COOP:241044,BOZEMAN MONTANA STATE UNIVERSITY MT US,192601,32.2
COOP:241044,BOZEMAN MONTANA STATE UNIVERSITY MT US,192602,37.5
COOP:241044,BOZEMAN MONTANA STATE UNIVERSITY MT US,192603,41.5
COOP:241044,BOZEMAN MONTANA STATE UNIVERSITY MT US,192604,57.6
COOP:241044,BOZEMAN MONTANA STATE UNIVERSITY MT US,192605,61.9
COOP:241044,BOZEMAN MONTANA STATE UNIVERSITY MT US,192606,71.7
COOP:241044,BOZEMAN MONTANA STATE UNIVERSITY MT US,192607,80.9
COOP:241044,BOZEMAN MONTANA STATE UNIVERSITY MT US,192608,77.6
COOP:241044,BOZEMAN MONTANA STATE UNIVERSITY MT US,192609,57.8
COOP:241044,BOZEMAN MONTANA STATE UNIVERSITY MT US,192610,58
COOP:241044,BOZEMAN MONTANA STATE UNIVERSITY MT US,192611,41.8
COOP:241044,BOZEMAN MONTANA STATE UNIVERSITY MT US,192612,29.1
COOP:241044,BOZEMAN MONTANA STATE UNIVERSITY MT US,192701,28.6
COOP:241044,BOZEMAN MONTANA STATE UNIVERSITY MT US,192702,33.6
COOP:241044,BOZEMAN MONTANA STATE UNIVERSITY MT US,192703,41.8
COOP:241044,BOZEMAN MONTANA STATE UNIVERSITY MT US,192704,48.3
COOP:241044,BOZEMAN MONTANA STATE UNIVERSITY MT US,192705,52.6
COOP:241044,BOZEMAN MONTANA STATE UNIVERSITY MT US,192706,69.6
COOP:241044,BOZEMAN MONTANA STATE UNIVERSITY MT US,192707,78.9
COOP:241044,BOZEMAN MONTANA STATE UNIVERSITY MT US,192708,72.6
COOP:241044,BOZEMAN MONTANA STATE UNIVERSITY MT US,192709,64.5
COOP:241044,BOZEMAN MONTANA STATE UNIVERSITY MT US,192710,59.7
COOP:241044,BOZEMAN MONTANA STATE UNIVERSITY MT US,192711,41.3
COOP:241044,BOZEMAN MONTANA STATE UNIVERSITY MT US,192712,22.9
COOP:241044,BOZEMAN MONTANA STATE UNIVERSITY MT US,192801,29.9
COOP:241044,BOZEMAN MONTANA STATE UNIVERSITY MT US,192802,31.1
COOP:241044,BOZEMAN MONTANA STATE UNIVERSITY MT US,192803,44.7
COOP:241044,BOZEMAN MONTANA STATE UNIVERSITY MT US,192804,51.5
COOP:241044,BOZEMAN MONTANA STATE UNIVERSITY MT US,192805,69.6
COOP:241044,BOZEMAN MONTANA STATE UNIVERSITY MT US,192806,65.3
COOP:241044,BOZEMAN MONTANA STATE UNIVERSITY MT US,192807,79.6
COOP:241044,BOZEMAN MONTANA STATE UNIVERSITY MT US,192808,77.9
COOP:241044,BOZEMAN MONTANA STATE UNIVERSITY MT US,192809,70.3
COOP:241044,BOZEMAN MONTANA STATE UNIVERSITY MT US,192810,53.9
COOP:241044,BOZEMAN MONTANA STATE UNIVERSITY MT US,192811,42.4
COOP:241044,BOZEMAN MONTANA STATE UNIVERSITY MT US,192812,31.3
COOP:241044,BOZEMAN MONTANA STATE UNIVERSITY MT US,192901,20.3
COOP:241044,BOZEMAN MONTANA STATE UNIVERSITY MT US,192902,25.3
COOP:241044,BOZEMAN MONTANA STATE UNIVERSITY MT US,192903,40.7
COOP:241044,BOZEMAN MONTANA STATE UNIVERSITY MT US,192904,49.1
COOP:241044,BOZEMAN MONTANA STATE UNIVERSITY MT US,192905,61.2
COOP:241044,BOZEMAN MONTANA STATE UNIVERSITY MT US,192906,70.7
COOP:241044,BOZEMAN MONTANA STATE UNIVERSITY MT US,192907,82.6
COOP:241044,BOZEMAN MONTANA STATE UNIVERSITY MT US,192908,84.7
COOP:241044,BOZEMAN MONTANA STATE UNIVERSITY MT US,192909,62.8
COOP:241044,BOZEMAN MONTANA STATE UNIVERSITY MT US,192910,57.8
COOP:241044,BOZEMAN MONTANA STATE UNIVERSITY MT US,192911,38.7
COOP:241044,BOZEMAN MONTANA STATE UNIVERSITY MT US,192912,38.4
COOP:241044,BOZEMAN MONTANA STATE UNIVERSITY MT US,193001,11.1
COOP:241044,BOZEMAN MONTANA STATE UNIVERSITY MT US,193002,40.9
COOP:241044,BOZEMAN MONTANA STATE UNIVERSITY MT US,193003,38.8
COOP:241044,BOZEMAN MONTANA STATE UNIVERSITY MT US,193004,62.4
COOP:241044,BOZEMAN MONTANA STATE UNIVERSITY MT US,193005,67.2
COOP:241044,BOZEMAN MONTANA STATE UNIVERSITY MT US,193006,74.6
COOP:241044,BOZEMAN MONTANA STATE UNIVERSITY MT US,193007,81.4
COOP:241044,BOZEMAN MONTANA STATE UNIVERSITY MT US,193008,79.2
COOP:241044,BOZEMAN MONTANA STATE UNIVERSITY MT US,193009,70.1
COOP:241044,BOZEMAN MONTANA STATE UNIVERSITY MT US,193010,48.8
COOP:241044,BOZEMAN MONTANA STATE UNIVERSITY MT US,193011,42.9
COOP:241044,BOZEMAN MONTANA STATE UNIVERSITY MT US,193012,31.2
COOP:241044,BOZEMAN MONTANA STATE UNIVERSITY MT US,193101,34.8
COOP:241044,BOZEMAN MONTANA STATE UNIVERSITY MT US,193102,35.7
COOP:241044,BOZEMAN MONTANA STATE UNIVERSITY MT US,193103,40.8
COOP:241044,BOZEMAN MONTANA STATE UNIVERSITY MT US,193104,55.1
COOP:241044,BOZEMAN MONTANA STATE UNIVERSITY MT US,193105,68.8
COOP:241044,BOZEMAN MONTANA STATE UNIVERSITY MT US,193106,75.4
COOP:241044,BOZEMAN MONTANA STATE UNIVERSITY MT US,193107,83.4
COOP:241044,BOZEMAN MONTANA STATE UNIVERSITY MT US,193108,82.5
COOP:241044,BOZEMAN MONTANA STATE UNIVERSITY MT US,193109,70.8
COOP:241044,BOZEMAN MONTANA STATE UNIVERSITY MT US,193110,58.2
COOP:241044,BOZEMAN MONTANA STATE UNIVERSITY MT US,193111,36.8
COOP:241044,BOZEMAN MONTANA STATE UNIVERSITY MT US,193112,31.8
COOP:241044,BOZEMAN MONTANA STATE UNIVERSITY MT US,193201,25.6
COOP:241044,BOZEMAN MONTANA STATE UNIVERSITY MT US,193202,34
COOP:241044,BOZEMAN MONTANA STATE UNIVERSITY MT US,193203,32.6
COOP:241044,BOZEMAN MONTANA STATE UNIVERSITY MT US,193204,54.1
COOP:241044,BOZEMAN MONTANA STATE UNIVERSITY MT US,193205,65.1
COOP:241044,BOZEMAN MONTANA STATE UNIVERSITY MT US,193206,71.4
COOP:241044,BOZEMAN MONTANA STATE UNIVERSITY MT US,193207,81.4
COOP:241044,BOZEMAN MONTANA STATE UNIVERSITY MT US,193208,79.6
COOP:241044,BOZEMAN MONTANA STATE UNIVERSITY MT US,193209,71.4
COOP:241044,BOZEMAN MONTANA STATE UNIVERSITY MT US,193210,52.3
COOP:241044,BOZEMAN MONTANA STATE UNIVERSITY MT US,193211,47.9
COOP:241044,BOZEMAN MONTANA STATE UNIVERSITY MT US,193212,24.3
COOP:241044,BOZEMAN MONTANA STATE UNIVERSITY MT US,193301,32.6
COOP:241044,BOZEMAN MONTANA STATE UNIVERSITY MT US,193302,25.8
COOP:241044,BOZEMAN MONTANA STATE UNIVERSITY MT US,193303,44.2
COOP:241044,BOZEMAN MONTANA STATE UNIVERSITY MT US,193304,50.5
COOP:241044,BOZEMAN MONTANA STATE UNIVERSITY MT US,193305,59.4
COOP:241044,BOZEMAN MONTANA STATE UNIVERSITY MT US,193306,78
COOP:241044,BOZEMAN MONTANA STATE UNIVERSITY MT US,193307,85.9
COOP:241044,BOZEMAN MONTANA STATE UNIVERSITY MT US,193308,76.5
COOP:241044,BOZEMAN MONTANA STATE UNIVERSITY MT US,193309,69
COOP:241044,BOZEMAN MONTANA STATE UNIVERSITY MT US,193310,62
COOP:241044,BOZEMAN MONTANA STATE UNIVERSITY MT US,193311,47
COOP:241044,BOZEMAN MONTANA STATE UNIVERSITY MT US,193312,42.8
COOP:241044,BOZEMAN MONTANA STATE UNIVERSITY MT US,193401,41.9
COOP:241044,BOZEMAN MONTANA STATE UNIVERSITY MT US,193402,41
COOP:241044,BOZEMAN MONTANA STATE UNIVERSITY MT US,193403,50.6
COOP:241044,BOZEMAN MONTANA STATE UNIVERSITY MT US,193404,63
COOP:241044,BOZEMAN MONTANA STATE UNIVERSITY MT US,193405,73.6
COOP:241044,BOZEMAN MONTANA STATE UNIVERSITY MT US,193406,71.5
COOP:241044,BOZEMAN MONTANA STATE UNIVERSITY MT US,193407,84.5
COOP:241044,BOZEMAN MONTANA STATE UNIVERSITY MT US,193408,83.6
COOP:241044,BOZEMAN MONTANA STATE UNIVERSITY MT US,193409,66.1
COOP:241044,BOZEMAN MONTANA STATE UNIVERSITY MT US,193410,60.9
COOP:241044,BOZEMAN MONTANA STATE UNIVERSITY MT US,193411,48.3
COOP:241044,BOZEMAN MONTANA STATE UNIVERSITY MT US,193412,34.3
COOP:241044,BOZEMAN MONTANA STATE UNIVERSITY MT US,193501,32.2
COOP:241044,BOZEMAN MONTANA STATE UNIVERSITY MT US,193502,38.2
COOP:241044,BOZEMAN MONTANA STATE UNIVERSITY MT US,193503,38.1
COOP:241044,BOZEMAN MONTANA STATE UNIVERSITY MT US,193504,48.4
COOP:241044,BOZEMAN MONTANA STATE UNIVERSITY MT US,193505,57.9
COOP:241044,BOZEMAN MONTANA STATE UNIVERSITY MT US,193506,70.6
COOP:241044,BOZEMAN MONTANA STATE UNIVERSITY MT US,193507,82.7
COOP:241044,BOZEMAN MONTANA STATE UNIVERSITY MT US,193508,81.3
COOP:241044,BOZEMAN MONTANA STATE UNIVERSITY MT US,193509,73.6
COOP:241044,BOZEMAN MONTANA STATE UNIVERSITY MT US,193510,58.9
COOP:241044,BOZEMAN MONTANA STATE UNIVERSITY MT US,193511,33.4
COOP:241044,BOZEMAN MONTANA STATE UNIVERSITY MT US,193512,32.8
COOP:241044,BOZEMAN MONTANA STATE UNIVERSITY MT US,193601,29.8
COOP:241044,BOZEMAN MONTANA STATE UNIVERSITY MT US,193602,15.2
COOP:241044,BOZEMAN MONTANA STATE UNIVERSITY MT US,193603,42
COOP:241044,BOZEMAN MONTANA STATE UNIVERSITY MT US,193604,54.5
COOP:241044,BOZEMAN MONTANA STATE UNIVERSITY MT US,193605,71.5
COOP:241044,BOZEMAN MONTANA STATE UNIVERSITY MT US,193606,74.2
COOP:241044,BOZEMAN MONTANA STATE UNIVERSITY MT US,193607,86.9
COOP:241044,BOZEMAN MONTANA STATE UNIVERSITY MT US,193608,81.3
COOP:241044,BOZEMAN MONTANA STATE UNIVERSITY MT US,193609,70.9
COOP:241044,BOZEMAN MONTANA STATE UNIVERSITY MT US,193610,58.8
COOP:241044,BOZEMAN MONTANA STATE UNIVERSITY MT US,193611,35.1
COOP:241044,BOZEMAN MONTANA STATE UNIVERSITY MT US,193612,36.1
COOP:241044,BOZEMAN MONTANA STATE UNIVERSITY MT US,193701,10.3
COOP:241044,BOZEMAN MONTANA STATE UNIVERSITY MT US,193702,31.4
COOP:241044,BOZEMAN MONTANA STATE UNIVERSITY MT US,193703,34.9
COOP:241044,BOZEMAN MONTANA STATE UNIVERSITY MT US,193704,49.2
COOP:241044,BOZEMAN MONTANA STATE UNIVERSITY MT US,193705,66.6
COOP:241044,BOZEMAN MONTANA STATE UNIVERSITY MT US,193706,69.5
COOP:241044,BOZEMAN MONTANA STATE UNIVERSITY MT US,193707,81.2
COOP:241044,BOZEMAN MONTANA STATE UNIVERSITY MT US,193708,81.5
COOP:241044,BOZEMAN MONTANA STATE UNIVERSITY MT US,193709,71.6
COOP:241044,BOZEMAN MONTANA STATE UNIVERSITY MT US,193710,61.6
COOP:241044,BOZEMAN MONTANA STATE UNIVERSITY MT US,193711,43
COOP:241044,BOZEMAN MONTANA STATE UNIVERSITY MT US,193712,34.6
COOP:241044,BOZEMAN MONTANA STATE UNIVERSITY MT US,193801,33.7
COOP:241044,BOZEMAN MONTANA STATE UNIVERSITY MT US,193802,35.7
COOP:241044,BOZEMAN MONTANA STATE UNIVERSITY MT US,193803,41.4
COOP:241044,BOZEMAN MONTANA STATE UNIVERSITY MT US,193804,51.9
COOP:241044,BOZEMAN MONTANA STATE UNIVERSITY MT US,193805,58.3
COOP:241044,BOZEMAN MONTANA STATE UNIVERSITY MT US,193806,71.8
COOP:241044,BOZEMAN MONTANA STATE UNIVERSITY MT US,193807,77.5
COOP:241044,BOZEMAN MONTANA STATE UNIVERSITY MT US,193808,79.1
COOP:241044,BOZEMAN MONTANA STATE UNIVERSITY MT US,193809,77.9
COOP:241044,BOZEMAN MONTANA STATE UNIVERSITY MT US,193810,55.1
COOP:241044,BOZEMAN MONTANA STATE UNIVERSITY MT US,193811,35
COOP:241044,BOZEMAN MONTANA STATE UNIVERSITY MT US,193812,36.8
COOP:241044,BOZEMAN MONTANA STATE UNIVERSITY MT US,193901,36.2
COOP:241044,BOZEMAN MONTANA STATE UNIVERSITY MT US,193902,27
COOP:241044,BOZEMAN MONTANA STATE UNIVERSITY MT US,193903,43.4
COOP:241044,BOZEMAN MONTANA STATE UNIVERSITY MT US,193904,59.1
COOP:241044,BOZEMAN MONTANA STATE UNIVERSITY MT US,193905,67.7
COOP:241044,BOZEMAN MONTANA STATE UNIVERSITY MT US,193906,65.8
COOP:241044,BOZEMAN MONTANA STATE UNIVERSITY MT US,193907,81
COOP:241044,BOZEMAN MONTANA STATE UNIVERSITY MT US,193908,80.6
COOP:241044,BOZEMAN MONTANA STATE UNIVERSITY MT US,193909,70.6
COOP:241044,BOZEMAN MONTANA STATE UNIVERSITY MT US,193910,57.4
COOP:241044,BOZEMAN MONTANA STATE UNIVERSITY MT US,193911,52.5
COOP:241044,BOZEMAN MONTANA STATE UNIVERSITY MT US,193912,40.6
COOP:241044,BOZEMAN MONTANA STATE UNIVERSITY MT US,194001,23.8
COOP:241044,BOZEMAN MONTANA STATE UNIVERSITY MT US,194002,33.7
COOP:241044,BOZEMAN MONTANA STATE UNIVERSITY MT US,194003,45.2
COOP:241044,BOZEMAN MONTANA STATE UNIVERSITY MT US,194004,51.9
COOP:241044,BOZEMAN MONTANA STATE UNIVERSITY MT US,194005,68.3
COOP:241044,BOZEMAN MONTANA STATE UNIVERSITY MT US,194006,74.5
COOP:241044,BOZEMAN MONTANA STATE UNIVERSITY MT US,194007,82.3
COOP:241044,BOZEMAN MONTANA STATE UNIVERSITY MT US,194008,82.4
COOP:241044,BOZEMAN MONTANA STATE UNIVERSITY MT US,194009,70.1
COOP:241044,BOZEMAN MONTANA STATE UNIVERSITY MT US,194010,60.5
COOP:241044,BOZEMAN MONTANA STATE UNIVERSITY MT US,194011,35
COOP:241044,BOZEMAN MONTANA STATE UNIVERSITY MT US,194012,37.4
COOP:241044,BOZEMAN MONTANA STATE UNIVERSITY MT US,194101,33.9
COOP:241044,BOZEMAN MONTANA STATE UNIVERSITY MT US,194102,36.8
COOP:241044,BOZEMAN MONTANA STATE UNIVERSITY MT US,194103,46.6
COOP:241044,BOZEMAN MONTANA STATE UNIVERSITY MT US,194104,53
COOP:241044,BOZEMAN MONTANA STATE UNIVERSITY MT US,194105,66
COOP:241044,BOZEMAN MONTANA STATE UNIVERSITY MT US,194106,69.9
COOP:241044,BOZEMAN MONTANA STATE UNIVERSITY MT US,194107,79.6
COOP:241044,BOZEMAN MONTANA STATE UNIVERSITY MT US,194108,77.3
COOP:241044,BOZEMAN MONTANA STATE UNIVERSITY MT US,194109,60.9
COOP:241044,BOZEMAN MONTANA STATE UNIVERSITY MT US,194110,54.8
COOP:241044,BOZEMAN MONTANA STATE UNIVERSITY MT US,194111,45.3
COOP:241044,BOZEMAN MONTANA STATE UNIVERSITY MT US,194112,32.2
COOP:241044,BOZEMAN MONTANA STATE UNIVERSITY MT US,194201,25.2
COOP:241044,BOZEMAN MONTANA STATE UNIVERSITY MT US,194202,25.4
COOP:241044,BOZEMAN MONTANA STATE UNIVERSITY MT US,194203,37.5
COOP:241044,BOZEMAN MONTANA STATE UNIVERSITY MT US,194204,54.4
COOP:241044,BOZEMAN MONTANA STATE UNIVERSITY MT US,194205,57.6
COOP:241044,BOZEMAN MONTANA STATE UNIVERSITY MT US,194206,65.8
COOP:241044,BOZEMAN MONTANA STATE UNIVERSITY MT US,194207,80.1
COOP:241044,BOZEMAN MONTANA STATE UNIVERSITY MT US,194208,79.2
COOP:241044,BOZEMAN MONTANA STATE UNIVERSITY MT US,194209,69
COOP:241044,BOZEMAN MONTANA STATE UNIVERSITY MT US,194210,58.4
COOP:241044,BOZEMAN MONTANA STATE UNIVERSITY MT US,194211,40.3
COOP:241044,BOZEMAN MONTANA STATE UNIVERSITY MT US,194212,36
COOP:241044,BOZEMAN MONTANA STATE UNIVERSITY MT US,194301,27.5
COOP:241044,BOZEMAN MONTANA STATE UNIVERSITY MT US,194302,36.8
COOP:241044,BOZEMAN MONTANA STATE UNIVERSITY MT US,194303,35.1
COOP:241044,BOZEMAN MONTANA STATE UNIVERSITY MT US,194304,58.7
COOP:241044,BOZEMAN MONTANA STATE UNIVERSITY MT US,194305,57.1
COOP:241044,BOZEMAN MONTANA STATE UNIVERSITY MT US,194306,66.1
COOP:241044,BOZEMAN MONTANA STATE UNIVERSITY MT US,194307,79.3
COOP:241044,BOZEMAN MONTANA STATE UNIVERSITY MT US,194308,79.3
COOP:241044,BOZEMAN MONTANA STATE UNIVERSITY MT US,194309,72.1
COOP:241044,BOZEMAN MONTANA STATE UNIVERSITY MT US,194310,59.7
COOP:241044,BOZEMAN MONTANA STATE UNIVERSITY MT US,194311,44.7
COOP:241044,BOZEMAN MONTANA STATE UNIVERSITY MT US,194312,33.5
COOP:241044,BOZEMAN MONTANA STATE UNIVERSITY MT US,194401,32
COOP:241044,BOZEMAN MONTANA STATE UNIVERSITY MT US,194402,33.3
COOP:241044,BOZEMAN MONTANA STATE UNIVERSITY MT US,194403,37.1
COOP:241044,BOZEMAN MONTANA STATE UNIVERSITY MT US,194404,54.9
COOP:241044,BOZEMAN MONTANA STATE UNIVERSITY MT US,194405,66
COOP:241044,BOZEMAN MONTANA STATE UNIVERSITY MT US,194406,65.7
COOP:241044,BOZEMAN MONTANA STATE UNIVERSITY MT US,194407,76.4
COOP:241044,BOZEMAN MONTANA STATE UNIVERSITY MT US,194408,77.3
COOP:241044,BOZEMAN MONTANA STATE UNIVERSITY MT US,194409,69.7
COOP:241044,BOZEMAN MONTANA STATE UNIVERSITY MT US,194410,63.9
COOP:241044,BOZEMAN MONTANA STATE UNIVERSITY MT US,194411,41.5
COOP:241044,BOZEMAN MONTANA STATE UNIVERSITY MT US,194412,32
COOP:241044,BOZEMAN MONTANA STATE UNIVERSITY MT US,194501,35.3
COOP:241044,BOZEMAN MONTANA STATE UNIVERSITY MT US,194502,36.7
COOP:241044,BOZEMAN MONTANA STATE UNIVERSITY MT US,194503,44.1
COOP:241044,BOZEMAN MONTANA STATE UNIVERSITY MT US,194504,45.4
COOP:241044,BOZEMAN MONTANA STATE UNIVERSITY MT US,194505,59.9
COOP:241044,BOZEMAN MONTANA STATE UNIVERSITY MT US,194506,63.7
COOP:241044,BOZEMAN MONTANA STATE UNIVERSITY MT US,194507,80.7
COOP:241044,BOZEMAN MONTANA STATE UNIVERSITY MT US,194508,80.4
COOP:241044,BOZEMAN MONTANA STATE UNIVERSITY MT US,194509,65.5
COOP:241044,BOZEMAN MONTANA STATE UNIVERSITY MT US,194510,62.6
COOP:241044,BOZEMAN MONTANA STATE UNIVERSITY MT US,194511,39.2
COOP:241044,BOZEMAN MONTANA STATE UNIVERSITY MT US,194512,29.2
COOP:241044,BOZEMAN MONTANA STATE UNIVERSITY MT US,194601,32.1
COOP:241044,BOZEMAN MONTANA STATE UNIVERSITY MT US,194602,36.3
COOP:241044,BOZEMAN MONTANA STATE UNIVERSITY MT US,194603,46.3
COOP:241044,BOZEMAN MONTANA STATE UNIVERSITY MT US,194604,61.9
COOP:241044,BOZEMAN MONTANA STATE UNIVERSITY MT US,194605,58.3
COOP:241044,BOZEMAN MONTANA STATE UNIVERSITY MT US,194606,71.5
COOP:241044,BOZEMAN MONTANA STATE UNIVERSITY MT US,194607,83.5
COOP:241044,BOZEMAN MONTANA STATE UNIVERSITY MT US,194608,80
COOP:241044,BOZEMAN MONTANA STATE UNIVERSITY MT US,194609,69
COOP:241044,BOZEMAN MONTANA STATE UNIVERSITY MT US,194610,49.6
COOP:241044,BOZEMAN MONTANA STATE UNIVERSITY MT US,194611,40.6
COOP:241044,BOZEMAN MONTANA STATE UNIVERSITY MT US,194612,39.4
COOP:241044,BOZEMAN MONTANA STATE UNIVERSITY MT US,194701,32.3
COOP:241044,BOZEMAN MONTANA STATE UNIVERSITY MT US,194702,38.1
COOP:241044,BOZEMAN MONTANA STATE UNIVERSITY MT US,194703,44.1
COOP:241044,BOZEMAN MONTANA STATE UNIVERSITY MT US,194704,55
COOP:241044,BOZEMAN MONTANA STATE UNIVERSITY MT US,194705,67.9
COOP:241044,BOZEMAN MONTANA STATE UNIVERSITY MT US,194706,66.5
COOP:241044,BOZEMAN MONTANA STATE UNIVERSITY MT US,194707,85.4
COOP:241044,BOZEMAN MONTANA STATE UNIVERSITY MT US,194708,82.1
COOP:241044,BOZEMAN MONTANA STATE UNIVERSITY MT US,194709,68.6
COOP:241044,BOZEMAN MONTANA STATE UNIVERSITY MT US,194710,61.3
COOP:241044,BOZEMAN MONTANA STATE UNIVERSITY MT US,194711,35.8
COOP:241044,BOZEMAN MONTANA STATE UNIVERSITY MT US,194712,35.3
COOP:241044,BOZEMAN MONTANA STATE UNIVERSITY MT US,194801,33.8
COOP:241044,BOZEMAN MONTANA STATE UNIVERSITY MT US,194802,31.6
COOP:241044,BOZEMAN MONTANA STATE UNIVERSITY MT US,194803,37.1
COOP:241044,BOZEMAN MONTANA STATE UNIVERSITY MT US,194804,54.6
COOP:241044,BOZEMAN MONTANA STATE UNIVERSITY MT US,194805,64.2
COOP:241044,BOZEMAN MONTANA STATE UNIVERSITY MT US,194806,70.9
COOP:241044,BOZEMAN MONTANA STATE UNIVERSITY MT US,194808,80.6
COOP:241044,BOZEMAN MONTANA STATE UNIVERSITY MT US,194810,61.5
COOP:241044,BOZEMAN MONTANA STATE UNIVERSITY MT US,194811,38.9
COOP:241044,BOZEMAN MONTANA STATE UNIVERSITY MT US,194812,27.8
COOP:241044,BOZEMAN MONTANA STATE UNIVERSITY MT US,194901,17.6
COOP:241044,BOZEMAN MONTANA STATE UNIVERSITY MT US,194902,32.1
COOP:241044,BOZEMAN MONTANA STATE UNIVERSITY MT US,194903,40.1
COOP:241044,BOZEMAN MONTANA STATE UNIVERSITY MT US,194904,62
COOP:241044,BOZEMAN MONTANA STATE UNIVERSITY MT US,194905,66.3
COOP:241044,BOZEMAN MONTANA STATE UNIVERSITY MT US,194906,69.2
COOP:241044,BOZEMAN MONTANA STATE UNIVERSITY MT US,194907,82.1
COOP:241044,BOZEMAN MONTANA STATE UNIVERSITY MT US,194908,84.3
COOP:241044,BOZEMAN MONTANA STATE UNIVERSITY MT US,194909,70.2
COOP:241044,BOZEMAN MONTANA STATE UNIVERSITY MT US,194910,50.4
COOP:241044,BOZEMAN MONTANA STATE UNIVERSITY MT US,194911,54.3
COOP:241044,BOZEMAN MONTANA STATE UNIVERSITY MT US,194912,35.5
COOP:241044,BOZEMAN MONTANA STATE UNIVERSITY MT US,195001,25.7
COOP:241044,BOZEMAN MONTANA STATE UNIVERSITY MT US,195002,40.8
COOP:241044,BOZEMAN MONTANA STATE UNIVERSITY MT US,195003,39.6
COOP:241044,BOZEMAN MONTANA STATE UNIVERSITY MT US,195004,52.4
COOP:241044,BOZEMAN MONTANA STATE UNIVERSITY MT US,195101,24.8
COOP:241044,BOZEMAN MONTANA STATE UNIVERSITY MT US,195102,33.7
COOP:241044,BOZEMAN MONTANA STATE UNIVERSITY MT US,195103,35.6
COOP:241044,BOZEMAN MONTANA STATE UNIVERSITY MT US,195104,54.1
COOP:241044,BOZEMAN MONTANA STATE UNIVERSITY MT US,195105,64.2
COOP:241044,BOZEMAN MONTANA STATE UNIVERSITY MT US,195106,66.2
COOP:241044,BOZEMAN MONTANA STATE UNIVERSITY MT US,195107,82.2
COOP:241044,BOZEMAN MONTANA STATE UNIVERSITY MT US,195108,76.3
COOP:241044,BOZEMAN MONTANA STATE UNIVERSITY MT US,195109,65.8
COOP:241044,BOZEMAN MONTANA STATE UNIVERSITY MT US,195110,51.7
COOP:241044,BOZEMAN MONTANA STATE UNIVERSITY MT US,195111,39.7
COOP:241044,BOZEMAN MONTANA STATE UNIVERSITY MT US,195112,29.4
COOP:241044,BOZEMAN MONTANA STATE UNIVERSITY MT US,195201,30.1
COOP:241044,BOZEMAN MONTANA STATE UNIVERSITY MT US,195202,34.2
COOP:241044,BOZEMAN MONTANA STATE UNIVERSITY MT US,195203,36.2
COOP:241044,BOZEMAN MONTANA STATE UNIVERSITY MT US,195204,59.5
COOP:241044,BOZEMAN MONTANA STATE UNIVERSITY MT US,195205,62.5
COOP:241044,BOZEMAN MONTANA STATE UNIVERSITY MT US,195206,73.2
COOP:241044,BOZEMAN MONTANA STATE UNIVERSITY MT US,195207,79.8
COOP:241044,BOZEMAN MONTANA STATE UNIVERSITY MT US,195208,81
COOP:241044,BOZEMAN MONTANA STATE UNIVERSITY MT US,195209,74.5
COOP:241044,BOZEMAN MONTANA STATE UNIVERSITY MT US,195210,63.7
COOP:241044,BOZEMAN MONTANA STATE UNIVERSITY MT US,195211,38.4
COOP:241044,BOZEMAN MONTANA STATE UNIVERSITY MT US,195212,35.1
COOP:241044,BOZEMAN MONTANA STATE UNIVERSITY MT US,195301,42.5
COOP:241044,BOZEMAN MONTANA STATE UNIVERSITY MT US,195302,36.5
COOP:241044,BOZEMAN MONTANA STATE UNIVERSITY MT US,195303,46.7
COOP:241044,BOZEMAN MONTANA STATE UNIVERSITY MT US,195304,48
COOP:241044,BOZEMAN MONTANA STATE UNIVERSITY MT US,195305,57.5
COOP:241044,BOZEMAN MONTANA STATE UNIVERSITY MT US,195306,70.4
COOP:241044,BOZEMAN MONTANA STATE UNIVERSITY MT US,195307,84
COOP:241044,BOZEMAN MONTANA STATE UNIVERSITY MT US,195308,83
COOP:241044,BOZEMAN MONTANA STATE UNIVERSITY MT US,195309,75.2
COOP:241044,BOZEMAN MONTANA STATE UNIVERSITY MT US,195310,62.7
COOP:241044,BOZEMAN MONTANA STATE UNIVERSITY MT US,195311,48.4
COOP:241044,BOZEMAN MONTANA STATE UNIVERSITY MT US,195312,37.2
COOP:241044,BOZEMAN MONTANA STATE UNIVERSITY MT US,195401,31
COOP:241044,BOZEMAN MONTANA STATE UNIVERSITY MT US,195402,44
COOP:241044,BOZEMAN MONTANA STATE UNIVERSITY MT US,195403,36.2
COOP:241044,BOZEMAN MONTANA STATE UNIVERSITY MT US,195404,56.2
COOP:241044,BOZEMAN MONTANA STATE UNIVERSITY MT US,195405,64.1
COOP:241044,BOZEMAN MONTANA STATE UNIVERSITY MT US,195406,67.1
COOP:241044,BOZEMAN MONTANA STATE UNIVERSITY MT US,195407,84.5
COOP:241044,BOZEMAN MONTANA STATE UNIVERSITY MT US,195408,78.5
COOP:241044,BOZEMAN MONTANA STATE UNIVERSITY MT US,195409,70.4
COOP:241044,BOZEMAN MONTANA STATE UNIVERSITY MT US,195410,56.9
COOP:241044,BOZEMAN MONTANA STATE UNIVERSITY MT US,195411,51.6
COOP:241044,BOZEMAN MONTANA STATE UNIVERSITY MT US,195412,35.5
COOP:241044,BOZEMAN MONTANA STATE UNIVERSITY MT US,195501,27.9
COOP:241044,BOZEMAN MONTANA STATE UNIVERSITY MT US,195502,29.6
COOP:241044,BOZEMAN MONTANA STATE UNIVERSITY MT US,195503,33.8
COOP:241044,BOZEMAN MONTANA STATE UNIVERSITY MT US,195504,47.4
COOP:241044,BOZEMAN MONTANA STATE UNIVERSITY MT US,195505,62.5
COOP:241044,BOZEMAN MONTANA STATE UNIVERSITY MT US,195506,68.1
COOP:241044,BOZEMAN MONTANA STATE UNIVERSITY MT US,195507,78.2
COOP:241044,BOZEMAN MONTANA STATE UNIVERSITY MT US,195508,84.4
COOP:241044,BOZEMAN MONTANA STATE UNIVERSITY MT US,195509,68.2
COOP:241044,BOZEMAN MONTANA STATE UNIVERSITY MT US,195510,60.5
COOP:241044,BOZEMAN MONTANA STATE UNIVERSITY MT US,195511,32.7
COOP:241044,BOZEMAN MONTANA STATE UNIVERSITY MT US,195512,31.9
COOP:241044,BOZEMAN MONTANA STATE UNIVERSITY MT US,195601,31.4
COOP:241044,BOZEMAN MONTANA STATE UNIVERSITY MT US,195602,30.5
COOP:241044,BOZEMAN MONTANA STATE UNIVERSITY MT US,195603,41.2
COOP:241044,BOZEMAN MONTANA STATE UNIVERSITY MT US,195604,51.5
COOP:241044,BOZEMAN MONTANA STATE UNIVERSITY MT US,195605,62.4
COOP:241044,BOZEMAN MONTANA STATE UNIVERSITY MT US,195606,76.3
COOP:241044,BOZEMAN MONTANA STATE UNIVERSITY MT US,195607,80.9
COOP:241044,BOZEMAN MONTANA STATE UNIVERSITY MT US,195608,76.2
COOP:241044,BOZEMAN MONTANA STATE UNIVERSITY MT US,195609,73.8
COOP:241044,BOZEMAN MONTANA STATE UNIVERSITY MT US,195610,58.9
COOP:241044,BOZEMAN MONTANA STATE UNIVERSITY MT US,195611,41.5
COOP:241044,BOZEMAN MONTANA STATE UNIVERSITY MT US,195612,39.4
COOP:241044,BOZEMAN MONTANA STATE UNIVERSITY MT US,195701,20.8
COOP:241044,BOZEMAN MONTANA STATE UNIVERSITY MT US,195702,36.2
COOP:241044,BOZEMAN MONTANA STATE UNIVERSITY MT US,195703,42.5
COOP:241044,BOZEMAN MONTANA STATE UNIVERSITY MT US,195704,51.2
COOP:241044,BOZEMAN MONTANA STATE UNIVERSITY MT US,195705,63.8
COOP:241044,BOZEMAN MONTANA STATE UNIVERSITY MT US,195706,71.1
COOP:241044,BOZEMAN MONTANA STATE UNIVERSITY MT US,195707,81.8
COOP:241044,BOZEMAN MONTANA STATE UNIVERSITY MT US,195708,81.6
COOP:241044,BOZEMAN MONTANA STATE UNIVERSITY MT US,195709,71.1
COOP:241044,BOZEMAN MONTANA STATE UNIVERSITY MT US,195710,54
COOP:241044,BOZEMAN MONTANA STATE UNIVERSITY MT US,195711,38.4
COOP:241044,BOZEMAN MONTANA STATE UNIVERSITY MT US,195712,41.4
COOP:241044,BOZEMAN MONTANA STATE UNIVERSITY MT US,195801,36.8
COOP:241044,BOZEMAN MONTANA STATE UNIVERSITY MT US,195802,40.3
COOP:241044,BOZEMAN MONTANA STATE UNIVERSITY MT US,195803,37.7
COOP:241044,BOZEMAN MONTANA STATE UNIVERSITY MT US,195804,50.5
COOP:241044,BOZEMAN MONTANA STATE UNIVERSITY MT US,195805,73.8
COOP:241044,BOZEMAN MONTANA STATE UNIVERSITY MT US,195806,70.7
COOP:241044,BOZEMAN MONTANA STATE UNIVERSITY MT US,195807,76.3
COOP:241044,BOZEMAN MONTANA STATE UNIVERSITY MT US,195808,82.5
COOP:241044,BOZEMAN MONTANA STATE UNIVERSITY MT US,195809,70.7
COOP:241044,BOZEMAN MONTANA STATE UNIVERSITY MT US,195810,62.7
COOP:241044,BOZEMAN MONTANA STATE UNIVERSITY MT US,195811,43.5
COOP:241044,BOZEMAN MONTANA STATE UNIVERSITY MT US,195812,36.8
COOP:241044,BOZEMAN MONTANA STATE UNIVERSITY MT US,195901,35.4
COOP:241044,BOZEMAN MONTANA STATE UNIVERSITY MT US,195902,31.6
COOP:241044,BOZEMAN MONTANA STATE UNIVERSITY MT US,195903,43.1
COOP:241044,BOZEMAN MONTANA STATE UNIVERSITY MT US,195904,54.7
COOP:241044,BOZEMAN MONTANA STATE UNIVERSITY MT US,195905,57.6
COOP:241044,BOZEMAN MONTANA STATE UNIVERSITY MT US,195906,74.5
COOP:241044,BOZEMAN MONTANA STATE UNIVERSITY MT US,195907,82.5
COOP:241044,BOZEMAN MONTANA STATE UNIVERSITY MT US,195908,80.6
COOP:241044,BOZEMAN MONTANA STATE UNIVERSITY MT US,195909,66.4
COOP:241044,BOZEMAN MONTANA STATE UNIVERSITY MT US,195910,55.1
COOP:241044,BOZEMAN MONTANA STATE UNIVERSITY MT US,195911,40.3
COOP:241044,BOZEMAN MONTANA STATE UNIVERSITY MT US,195912,38.2
COOP:241044,BOZEMAN MONTANA STATE UNIVERSITY MT US,196001,29.9
COOP:241044,BOZEMAN MONTANA STATE UNIVERSITY MT US,196002,30.4
COOP:241044,BOZEMAN MONTANA STATE UNIVERSITY MT US,196003,43.3
COOP:241044,BOZEMAN MONTANA STATE UNIVERSITY MT US,196004,52.5
COOP:241044,BOZEMAN MONTANA STATE UNIVERSITY MT US,196005,63.8
COOP:241044,BOZEMAN MONTANA STATE UNIVERSITY MT US,196006,74.2
COOP:241044,BOZEMAN MONTANA STATE UNIVERSITY MT US,196007,86.5
COOP:241044,BOZEMAN MONTANA STATE UNIVERSITY MT US,196008,80.1
COOP:241044,BOZEMAN MONTANA STATE UNIVERSITY MT US,196009,73.3
COOP:241044,BOZEMAN MONTANA STATE UNIVERSITY MT US,196010,60
COOP:241044,BOZEMAN MONTANA STATE UNIVERSITY MT US,196011,42.8
COOP:241044,BOZEMAN MONTANA STATE UNIVERSITY MT US,196012,35.6
COOP:241044,BOZEMAN MONTANA STATE UNIVERSITY MT US,196101,38.4
COOP:241044,BOZEMAN MONTANA STATE UNIVERSITY MT US,196102,45.5
COOP:241044,BOZEMAN MONTANA STATE UNIVERSITY MT US,196103,48.4
COOP:241044,BOZEMAN MONTANA STATE UNIVERSITY MT US,196104,51.3
COOP:241044,BOZEMAN MONTANA STATE UNIVERSITY MT US,196105,64.7
COOP:241044,BOZEMAN MONTANA STATE UNIVERSITY MT US,196106,81.1
COOP:241044,BOZEMAN MONTANA STATE UNIVERSITY MT US,196107,86
COOP:241044,BOZEMAN MONTANA STATE UNIVERSITY MT US,196108,86.1
COOP:241044,BOZEMAN MONTANA STATE UNIVERSITY MT US,196109,60.5
COOP:241044,BOZEMAN MONTANA STATE UNIVERSITY MT US,196110,55
COOP:241044,BOZEMAN MONTANA STATE UNIVERSITY MT US,196111,40.3
COOP:241044,BOZEMAN MONTANA STATE UNIVERSITY MT US,196112,31.6
COOP:241044,BOZEMAN MONTANA STATE UNIVERSITY MT US,196201,26.7
COOP:241044,BOZEMAN MONTANA STATE UNIVERSITY MT US,196202,33.8
COOP:241044,BOZEMAN MONTANA STATE UNIVERSITY MT US,196203,40.1
COOP:241044,BOZEMAN MONTANA STATE UNIVERSITY MT US,196204,59.8
COOP:241044,BOZEMAN MONTANA STATE UNIVERSITY MT US,196205,61.4
COOP:241044,BOZEMAN MONTANA STATE UNIVERSITY MT US,196206,73
COOP:241044,BOZEMAN MONTANA STATE UNIVERSITY MT US,196207,77.6
COOP:241044,BOZEMAN MONTANA STATE UNIVERSITY MT US,196208,78.7
COOP:241044,BOZEMAN MONTANA STATE UNIVERSITY MT US,196209,69
COOP:241044,BOZEMAN MONTANA STATE UNIVERSITY MT US,196210,60.8
COOP:241044,BOZEMAN MONTANA STATE UNIVERSITY MT US,196211,45.8
COOP:241044,BOZEMAN MONTANA STATE UNIVERSITY MT US,196212,40
COOP:241044,BOZEMAN MONTANA STATE UNIVERSITY MT US,196301,22.8
COOP:241044,BOZEMAN MONTANA STATE UNIVERSITY MT US,196302,44.1
COOP:241044,BOZEMAN MONTANA STATE UNIVERSITY MT US,196303,46.9
COOP:241044,BOZEMAN MONTANA STATE UNIVERSITY MT US,196304,53
COOP:241044,BOZEMAN MONTANA STATE UNIVERSITY MT US,196305,64.2
COOP:241044,BOZEMAN MONTANA STATE UNIVERSITY MT US,196306,70.4
COOP:241044,BOZEMAN MONTANA STATE UNIVERSITY MT US,196307,82.9
COOP:241044,BOZEMAN MONTANA STATE UNIVERSITY MT US,196308,82.9
COOP:241044,BOZEMAN MONTANA STATE UNIVERSITY MT US,196309,75.3
COOP:241044,BOZEMAN MONTANA STATE UNIVERSITY MT US,196310,65.2
COOP:241044,BOZEMAN MONTANA STATE UNIVERSITY MT US,196311,45.8
COOP:241044,BOZEMAN MONTANA STATE UNIVERSITY MT US,196312,32.8
COOP:241044,BOZEMAN MONTANA STATE UNIVERSITY MT US,196401,33.9
COOP:241044,BOZEMAN MONTANA STATE UNIVERSITY MT US,196402,36.9
COOP:241044,BOZEMAN MONTANA STATE UNIVERSITY MT US,196403,37.6
COOP:241044,BOZEMAN MONTANA STATE UNIVERSITY MT US,196404,52.1
COOP:241044,BOZEMAN MONTANA STATE UNIVERSITY MT US,196405,62.8
COOP:241044,BOZEMAN MONTANA STATE UNIVERSITY MT US,196406,69.1
COOP:241044,BOZEMAN MONTANA STATE UNIVERSITY MT US,196407,86
COOP:241044,BOZEMAN MONTANA STATE UNIVERSITY MT US,196408,78.6
COOP:241044,BOZEMAN MONTANA STATE UNIVERSITY MT US,196409,68.5
COOP:241044,BOZEMAN MONTANA STATE UNIVERSITY MT US,196410,63.6
COOP:241044,BOZEMAN MONTANA STATE UNIVERSITY MT US,196411,42
COOP:241044,BOZEMAN MONTANA STATE UNIVERSITY MT US,196412,35.2
COOP:241044,BOZEMAN MONTANA STATE UNIVERSITY MT US,196501,38.3
COOP:241044,BOZEMAN MONTANA STATE UNIVERSITY MT US,196502,38.9
COOP:241044,BOZEMAN MONTANA STATE UNIVERSITY MT US,196503,34.4
COOP:241044,BOZEMAN MONTANA STATE UNIVERSITY MT US,196504,54.3
COOP:241044,BOZEMAN MONTANA STATE UNIVERSITY MT US,196505,60.2
COOP:241044,BOZEMAN MONTANA STATE UNIVERSITY MT US,196506,71
COOP:241044,BOZEMAN MONTANA STATE UNIVERSITY MT US,196507,81
COOP:241044,BOZEMAN MONTANA STATE UNIVERSITY MT US,196508,76.5
COOP:241044,BOZEMAN MONTANA STATE UNIVERSITY MT US,196509,55.4
COOP:241044,BOZEMAN MONTANA STATE UNIVERSITY MT US,196510,65.8
COOP:241044,BOZEMAN MONTANA STATE UNIVERSITY MT US,196511,46.9
COOP:241044,BOZEMAN MONTANA STATE UNIVERSITY MT US,196512,38.3
COOP:241044,BOZEMAN MONTANA STATE UNIVERSITY MT US,196601,35.1
COOP:241044,BOZEMAN MONTANA STATE UNIVERSITY MT US,196602,35.6
COOP:241044,BOZEMAN MONTANA STATE UNIVERSITY MT US,196603,46
COOP:241044,BOZEMAN MONTANA STATE UNIVERSITY MT US,196604,52.6
COOP:241044,BOZEMAN MONTANA STATE UNIVERSITY MT US,196605,69.8
COOP:241044,BOZEMAN MONTANA STATE UNIVERSITY MT US,196606,69.8
COOP:241044,BOZEMAN MONTANA STATE UNIVERSITY MT US,196607,84.3
COOP:241044,BOZEMAN MONTANA STATE UNIVERSITY MT US,196608,80.1
COOP:241044,BOZEMAN MONTANA STATE UNIVERSITY MT US,196609,74.8
COOP:241044,BOZEMAN MONTANA STATE UNIVERSITY MT US,196610,58.1
COOP:241044,BOZEMAN MONTANA STATE UNIVERSITY MT US,196611,44.9
COOP:241044,BOZEMAN MONTANA STATE UNIVERSITY MT US,196612,35.7
COOP:241044,BOZEMAN MONTANA STATE UNIVERSITY MT US,196701,38.3
COOP:241044,BOZEMAN MONTANA STATE UNIVERSITY MT US,196702,40.1
COOP:241044,BOZEMAN MONTANA STATE UNIVERSITY MT US,196703,40
COOP:241044,BOZEMAN MONTANA STATE UNIVERSITY MT US,196704,48.3
COOP:241044,BOZEMAN MONTANA STATE UNIVERSITY MT US,196705,62.4
COOP:241044,BOZEMAN MONTANA STATE UNIVERSITY MT US,196706,67.8
COOP:241044,BOZEMAN MONTANA STATE UNIVERSITY MT US,196707,82.8
COOP:241044,BOZEMAN MONTANA STATE UNIVERSITY MT US,196708,84.2
COOP:241044,BOZEMAN MONTANA STATE UNIVERSITY MT US,196709,77.6
COOP:241044,BOZEMAN MONTANA STATE UNIVERSITY MT US,196710,59.1
COOP:241044,BOZEMAN MONTANA STATE UNIVERSITY MT US,196711,43.5
COOP:241044,BOZEMAN MONTANA STATE UNIVERSITY MT US,196712,28.7
COOP:241044,BOZEMAN MONTANA STATE UNIVERSITY MT US,196801,33.8
COOP:241044,BOZEMAN MONTANA STATE UNIVERSITY MT US,196802,38.3
COOP:241044,BOZEMAN MONTANA STATE UNIVERSITY MT US,196803,50.2
COOP:241044,BOZEMAN MONTANA STATE UNIVERSITY MT US,196804,50.7
COOP:241044,BOZEMAN MONTANA STATE UNIVERSITY MT US,196805,59.8
COOP:241044,BOZEMAN MONTANA STATE UNIVERSITY MT US,196806,70.4
COOP:241044,BOZEMAN MONTANA STATE UNIVERSITY MT US,196807,82
COOP:241044,BOZEMAN MONTANA STATE UNIVERSITY MT US,196808,74.5
COOP:241044,BOZEMAN MONTANA STATE UNIVERSITY MT US,196809,69.1
COOP:241044,BOZEMAN MONTANA STATE UNIVERSITY MT US,196810,59.7
COOP:241044,BOZEMAN MONTANA STATE UNIVERSITY MT US,196811,41.8
COOP:241044,BOZEMAN MONTANA STATE UNIVERSITY MT US,196812,30.4
COOP:241044,BOZEMAN MONTANA STATE UNIVERSITY MT US,196901,25.3
COOP:241044,BOZEMAN MONTANA STATE UNIVERSITY MT US,196902,33.2
COOP:241044,BOZEMAN MONTANA STATE UNIVERSITY MT US,196903,38.3
COOP:241044,BOZEMAN MONTANA STATE UNIVERSITY MT US,196904,59.9
COOP:241044,BOZEMAN MONTANA STATE UNIVERSITY MT US,196905,68.1
COOP:241044,BOZEMAN MONTANA STATE UNIVERSITY MT US,196906,68.6
COOP:241044,BOZEMAN MONTANA STATE UNIVERSITY MT US,196907,80.5
COOP:241044,BOZEMAN MONTANA STATE UNIVERSITY MT US,196908,84.1
COOP:241044,BOZEMAN MONTANA STATE UNIVERSITY MT US,196909,73.2
COOP:241044,BOZEMAN MONTANA STATE UNIVERSITY MT US,196910,48
COOP:241044,BOZEMAN MONTANA STATE UNIVERSITY MT US,196911,47.1
COOP:241044,BOZEMAN MONTANA STATE UNIVERSITY MT US,196912,38.1
COOP:241044,BOZEMAN MONTANA STATE UNIVERSITY MT US,197001,33.1
COOP:241044,BOZEMAN MONTANA STATE UNIVERSITY MT US,197002,44.3
COOP:241044,BOZEMAN MONTANA STATE UNIVERSITY MT US,197003,39.2
COOP:241044,BOZEMAN MONTANA STATE UNIVERSITY MT US,197004,45.2
COOP:241044,BOZEMAN MONTANA STATE UNIVERSITY MT US,197005,64.4
COOP:241044,BOZEMAN MONTANA STATE UNIVERSITY MT US,197006,75.8
COOP:241044,BOZEMAN MONTANA STATE UNIVERSITY MT US,197007,82.9
COOP:241044,BOZEMAN MONTANA STATE UNIVERSITY MT US,197008,85.5
COOP:241044,BOZEMAN MONTANA STATE UNIVERSITY MT US,197009,65.3
COOP:241044,BOZEMAN MONTANA STATE UNIVERSITY MT US,197010,54.2
COOP:241044,BOZEMAN MONTANA STATE UNIVERSITY MT US,197011,43.4
COOP:241044,BOZEMAN MONTANA STATE UNIVERSITY MT US,197012,33.5
COOP:241044,BOZEMAN MONTANA STATE UNIVERSITY MT US,197101,32.4
COOP:241044,BOZEMAN MONTANA STATE UNIVERSITY MT US,197102,39.1
COOP:241044,BOZEMAN MONTANA STATE UNIVERSITY MT US,197103,42.9
COOP:241044,BOZEMAN MONTANA STATE UNIVERSITY MT US,197104,52.7
COOP:241044,BOZEMAN MONTANA STATE UNIVERSITY MT US,197105,64.2
COOP:241044,BOZEMAN MONTANA STATE UNIVERSITY MT US,197106,71.6
COOP:241044,BOZEMAN MONTANA STATE UNIVERSITY MT US,197107,80.3
COOP:241044,BOZEMAN MONTANA STATE UNIVERSITY MT US,197108,87.3
COOP:241044,BOZEMAN MONTANA STATE UNIVERSITY MT US,197109,66.8
COOP:241044,BOZEMAN MONTANA STATE UNIVERSITY MT US,197110,55.6
COOP:241044,BOZEMAN MONTANA STATE UNIVERSITY MT US,197111,43.4
COOP:241044,BOZEMAN MONTANA STATE UNIVERSITY MT US,197112,30.6
COOP:241044,BOZEMAN MONTANA STATE UNIVERSITY MT US,197201,29.1
COOP:241044,BOZEMAN MONTANA STATE UNIVERSITY MT US,197202,40.2
COOP:241044,BOZEMAN MONTANA STATE UNIVERSITY MT US,197203,52.9
COOP:241044,BOZEMAN MONTANA STATE UNIVERSITY MT US,197204,53.6
COOP:241044,BOZEMAN MONTANA STATE UNIVERSITY MT US,197205,62.9
COOP:241044,BOZEMAN MONTANA STATE UNIVERSITY MT US,197206,75.6
COOP:241044,BOZEMAN MONTANA STATE UNIVERSITY MT US,197207,78.6
COOP:241044,BOZEMAN MONTANA STATE UNIVERSITY MT US,197208,83
COOP:241044,BOZEMAN MONTANA STATE UNIVERSITY MT US,197209,66.4
COOP:241044,BOZEMAN MONTANA STATE UNIVERSITY MT US,197210,55
COOP:241044,BOZEMAN MONTANA STATE UNIVERSITY MT US,197211,41.2
COOP:241044,BOZEMAN MONTANA STATE UNIVERSITY MT US,197212,26.7
COOP:241044,BOZEMAN MONTANA STATE UNIVERSITY MT US,197301,29.5
COOP:241044,BOZEMAN MONTANA STATE UNIVERSITY MT US,197302,35.9
COOP:241044,BOZEMAN MONTANA STATE UNIVERSITY MT US,197303,44.1
COOP:241044,BOZEMAN MONTANA STATE UNIVERSITY MT US,197304,49.2
COOP:241044,BOZEMAN MONTANA STATE UNIVERSITY MT US,197305,64.6
COOP:241044,BOZEMAN MONTANA STATE UNIVERSITY MT US,197306,73.4
COOP:241044,BOZEMAN MONTANA STATE UNIVERSITY MT US,197307,83.1
COOP:241044,BOZEMAN MONTANA STATE UNIVERSITY MT US,197308,82.8
COOP:241044,BOZEMAN MONTANA STATE UNIVERSITY MT US,197309,66.5
COOP:241044,BOZEMAN MONTANA STATE UNIVERSITY MT US,197310,60.5
COOP:241044,BOZEMAN MONTANA STATE UNIVERSITY MT US,197311,39.4
COOP:241044,BOZEMAN MONTANA STATE UNIVERSITY MT US,197312,37.9
COOP:241044,BOZEMAN MONTANA STATE UNIVERSITY MT US,197401,29.8
COOP:241044,BOZEMAN MONTANA STATE UNIVERSITY MT US,197402,41.1
COOP:241044,BOZEMAN MONTANA STATE UNIVERSITY MT US,197403,43.2
COOP:241044,BOZEMAN MONTANA STATE UNIVERSITY MT US,197404,57.5
COOP:241044,BOZEMAN MONTANA STATE UNIVERSITY MT US,197405,60.4
COOP:241044,BOZEMAN MONTANA STATE UNIVERSITY MT US,197406,79.6
COOP:241044,BOZEMAN MONTANA STATE UNIVERSITY MT US,197407,86.9
COOP:241044,BOZEMAN MONTANA STATE UNIVERSITY MT US,197408,77.1
COOP:241044,BOZEMAN MONTANA STATE UNIVERSITY MT US,197409,71.7
COOP:241044,BOZEMAN MONTANA STATE UNIVERSITY MT US,197410,62.9
COOP:241044,BOZEMAN MONTANA STATE UNIVERSITY MT US,197411,44.7
COOP:241044,BOZEMAN MONTANA STATE UNIVERSITY MT US,197412,34.5
COOP:241044,BOZEMAN MONTANA STATE UNIVERSITY MT US,197501,31.9
COOP:241044,BOZEMAN MONTANA STATE UNIVERSITY MT US,197502,31.9
COOP:241044,BOZEMAN MONTANA STATE UNIVERSITY MT US,197503,38.6
COOP:241044,BOZEMAN MONTANA STATE UNIVERSITY MT US,197504,42
COOP:241044,BOZEMAN MONTANA STATE UNIVERSITY MT US,197505,58.6
COOP:241044,BOZEMAN MONTANA STATE UNIVERSITY MT US,197506,68.9
COOP:241044,BOZEMAN MONTANA STATE UNIVERSITY MT US,197507,83.2
COOP:241044,BOZEMAN MONTANA STATE UNIVERSITY MT US,197508,76.3
COOP:241044,BOZEMAN MONTANA STATE UNIVERSITY MT US,197509,71.1
COOP:241044,BOZEMAN MONTANA STATE UNIVERSITY MT US,197510,56.5
COOP:241044,BOZEMAN MONTANA STATE UNIVERSITY MT US,197511,41.4
COOP:241044,BOZEMAN MONTANA STATE UNIVERSITY MT US,197512,39.5
COOP:241044,BOZEMAN MONTANA STATE UNIVERSITY MT US,197601,36.3
COOP:241044,BOZEMAN MONTANA STATE UNIVERSITY MT US,197602,40.1
COOP:241044,BOZEMAN MONTANA STATE UNIVERSITY MT US,197603,40.7
COOP:241044,BOZEMAN MONTANA STATE UNIVERSITY MT US,197604,54.7
COOP:241044,BOZEMAN MONTANA STATE UNIVERSITY MT US,197605,69.3
COOP:241044,BOZEMAN MONTANA STATE UNIVERSITY MT US,197606,72.4
COOP:241044,BOZEMAN MONTANA STATE UNIVERSITY MT US,197607,82.8
COOP:241044,BOZEMAN MONTANA STATE UNIVERSITY MT US,197608,78.9
COOP:241044,BOZEMAN MONTANA STATE UNIVERSITY MT US,197609,72.4
COOP:241044,BOZEMAN MONTANA STATE UNIVERSITY MT US,197610,59.1
COOP:241044,BOZEMAN MONTANA STATE UNIVERSITY MT US,197611,46
COOP:241044,BOZEMAN MONTANA STATE UNIVERSITY MT US,197612,39.7
COOP:241044,BOZEMAN MONTANA STATE UNIVERSITY MT US,197701,30.3
COOP:241044,BOZEMAN MONTANA STATE UNIVERSITY MT US,197702,43.8
COOP:241044,BOZEMAN MONTANA STATE UNIVERSITY MT US,197703,40.4
COOP:241044,BOZEMAN MONTANA STATE UNIVERSITY MT US,197704,61.6
COOP:241044,BOZEMAN MONTANA STATE UNIVERSITY MT US,197705,62.5
COOP:241044,BOZEMAN MONTANA STATE UNIVERSITY MT US,197706,76.3
COOP:241044,BOZEMAN MONTANA STATE UNIVERSITY MT US,197707,80.3
COOP:241044,BOZEMAN MONTANA STATE UNIVERSITY MT US,197708,78.3
COOP:241044,BOZEMAN MONTANA STATE UNIVERSITY MT US,197709,69.6
COOP:241044,BOZEMAN MONTANA STATE UNIVERSITY MT US,197710,60
COOP:241044,BOZEMAN MONTANA STATE UNIVERSITY MT US,197711,40.8
COOP:241044,BOZEMAN MONTANA STATE UNIVERSITY MT US,197712,35.1
COOP:241044,BOZEMAN MONTANA STATE UNIVERSITY MT US,197801,31.6
COOP:241044,BOZEMAN MONTANA STATE UNIVERSITY MT US,197802,35.5
COOP:241044,BOZEMAN MONTANA STATE UNIVERSITY MT US,197803,48.4
COOP:241044,BOZEMAN MONTANA STATE UNIVERSITY MT US,197804,55.1
COOP:241044,BOZEMAN MONTANA STATE UNIVERSITY MT US,197805,60.6
COOP:241044,BOZEMAN MONTANA STATE UNIVERSITY MT US,197806,73.5
COOP:241044,BOZEMAN MONTANA STATE UNIVERSITY MT US,197807,79.4
COOP:241044,BOZEMAN MONTANA STATE UNIVERSITY MT US,197808,79.9
COOP:241044,BOZEMAN MONTANA STATE UNIVERSITY MT US,197809,72
COOP:241044,BOZEMAN MONTANA STATE UNIVERSITY MT US,197810,62.3
COOP:241044,BOZEMAN MONTANA STATE UNIVERSITY MT US,197811,34.1
COOP:241044,BOZEMAN MONTANA STATE UNIVERSITY MT US,197812,26.8
COOP:241044,BOZEMAN MONTANA STATE UNIVERSITY MT US,197901,17.2
COOP:241044,BOZEMAN MONTANA STATE UNIVERSITY MT US,197902,35.3
COOP:241044,BOZEMAN MONTANA STATE UNIVERSITY MT US,197903,43.1
COOP:241044,BOZEMAN MONTANA STATE UNIVERSITY MT US,197904,52.9
COOP:241044,BOZEMAN MONTANA STATE UNIVERSITY MT US,197905,64
COOP:241044,BOZEMAN MONTANA STATE UNIVERSITY MT US,197906,74.3
COOP:241044,BOZEMAN MONTANA STATE UNIVERSITY MT US,197907,83.3
COOP:241044,BOZEMAN MONTANA STATE UNIVERSITY MT US,197908,80.7
COOP:241044,BOZEMAN MONTANA STATE UNIVERSITY MT US,197909,79.9
COOP:241044,BOZEMAN MONTANA STATE UNIVERSITY MT US,197910,63
COOP:241044,BOZEMAN MONTANA STATE UNIVERSITY MT US,197911,38.4
COOP:241044,BOZEMAN MONTANA STATE UNIVERSITY MT US,197912,43.1
COOP:241044,BOZEMAN MONTANA STATE UNIVERSITY MT US,198001,27.7
COOP:241044,BOZEMAN MONTANA STATE UNIVERSITY MT US,198002,38
COOP:241044,BOZEMAN MONTANA STATE UNIVERSITY MT US,198003,39.9
COOP:241044,BOZEMAN MONTANA STATE UNIVERSITY MT US,198004,60.1
COOP:241044,BOZEMAN MONTANA STATE UNIVERSITY MT US,198005,66.1
COOP:241044,BOZEMAN MONTANA STATE UNIVERSITY MT US,198006,73.4
COOP:241044,BOZEMAN MONTANA STATE UNIVERSITY MT US,198007,81.5
COOP:241044,BOZEMAN MONTANA STATE UNIVERSITY MT US,198008,76.5
COOP:241044,BOZEMAN MONTANA STATE UNIVERSITY MT US,198009,70.2
COOP:241044,BOZEMAN MONTANA STATE UNIVERSITY MT US,198010,59.8
COOP:241044,BOZEMAN MONTANA STATE UNIVERSITY MT US,198011,44.8
COOP:241044,BOZEMAN MONTANA STATE UNIVERSITY MT US,198012,44.3
COOP:241044,BOZEMAN MONTANA STATE UNIVERSITY MT US,198101,41.7
COOP:241044,BOZEMAN MONTANA STATE UNIVERSITY MT US,198102,38.6
COOP:241044,BOZEMAN MONTANA STATE UNIVERSITY MT US,198103,49.9
COOP:241044,BOZEMAN MONTANA STATE UNIVERSITY MT US,198104,56.8
COOP:241044,BOZEMAN MONTANA STATE UNIVERSITY MT US,198105,61.2
COOP:241044,BOZEMAN MONTANA STATE UNIVERSITY MT US,198106,70
COOP:241044,BOZEMAN MONTANA STATE UNIVERSITY MT US,198107,82.8
COOP:241044,BOZEMAN MONTANA STATE UNIVERSITY MT US,198108,84.6
COOP:241044,BOZEMAN MONTANA STATE UNIVERSITY MT US,198109,74.4
COOP:241044,BOZEMAN MONTANA STATE UNIVERSITY MT US,198110,55.2
COOP:241044,BOZEMAN MONTANA STATE UNIVERSITY MT US,198111,47.7
COOP:241044,BOZEMAN MONTANA STATE UNIVERSITY MT US,198112,36.1
COOP:241044,BOZEMAN MONTANA STATE UNIVERSITY MT US,198201,30
COOP:241044,BOZEMAN MONTANA STATE UNIVERSITY MT US,198202,33.6
COOP:241044,BOZEMAN MONTANA STATE UNIVERSITY MT US,198203,43
COOP:241044,BOZEMAN MONTANA STATE UNIVERSITY MT US,198204,49.9
COOP:241044,BOZEMAN MONTANA STATE UNIVERSITY MT US,198205,60.7
COOP:241044,BOZEMAN MONTANA STATE UNIVERSITY MT US,198206,70
COOP:241044,BOZEMAN MONTANA STATE UNIVERSITY MT US,198207,79
COOP:241044,BOZEMAN MONTANA STATE UNIVERSITY MT US,198208,83.7
COOP:241044,BOZEMAN MONTANA STATE UNIVERSITY MT US,198209,67.6
COOP:241044,BOZEMAN MONTANA STATE UNIVERSITY MT US,198210,55.6
COOP:241044,BOZEMAN MONTANA STATE UNIVERSITY MT US,198211,37.5
COOP:241044,BOZEMAN MONTANA STATE UNIVERSITY MT US,198212,32.5
COOP:241044,BOZEMAN MONTANA STATE UNIVERSITY MT US,198301,41.2
COOP:241044,BOZEMAN MONTANA STATE UNIVERSITY MT US,198302,43.4
COOP:241044,BOZEMAN MONTANA STATE UNIVERSITY MT US,198303,48.1
COOP:241044,BOZEMAN MONTANA STATE UNIVERSITY MT US,198304,51.7
COOP:241044,BOZEMAN MONTANA STATE UNIVERSITY MT US,198305,61.9
COOP:241044,BOZEMAN MONTANA STATE UNIVERSITY MT US,198306,71.9
COOP:241044,BOZEMAN MONTANA STATE UNIVERSITY MT US,198307,80.4
COOP:241044,BOZEMAN MONTANA STATE UNIVERSITY MT US,198308,84.4
COOP:241044,BOZEMAN MONTANA STATE UNIVERSITY MT US,198309,68.2
COOP:241044,BOZEMAN MONTANA STATE UNIVERSITY MT US,198310,59.8
COOP:241044,BOZEMAN MONTANA STATE UNIVERSITY MT US,198311,42.6
COOP:241044,BOZEMAN MONTANA STATE UNIVERSITY MT US,198312,18.9
COOP:241044,BOZEMAN MONTANA STATE UNIVERSITY MT US,198401,35.5
COOP:241044,BOZEMAN MONTANA STATE UNIVERSITY MT US,198402,41.3
COOP:241044,BOZEMAN MONTANA STATE UNIVERSITY MT US,198403,44.3
COOP:241044,BOZEMAN MONTANA STATE UNIVERSITY MT US,198404,53.3
COOP:241044,BOZEMAN MONTANA STATE UNIVERSITY MT US,198405,65
COOP:241044,BOZEMAN MONTANA STATE UNIVERSITY MT US,198406,70.6
COOP:241044,BOZEMAN MONTANA STATE UNIVERSITY MT US,198407,82
COOP:241044,BOZEMAN MONTANA STATE UNIVERSITY MT US,198408,84
COOP:241044,BOZEMAN MONTANA STATE UNIVERSITY MT US,198409,65.8
COOP:241044,BOZEMAN MONTANA STATE UNIVERSITY MT US,198410,52.5
COOP:241044,BOZEMAN MONTANA STATE UNIVERSITY MT US,198411,43.7
COOP:241044,BOZEMAN MONTANA STATE UNIVERSITY MT US,198412,31.2
COOP:241044,BOZEMAN MONTANA STATE UNIVERSITY MT US,198501,28
COOP:241044,BOZEMAN MONTANA STATE UNIVERSITY MT US,198502,32.9
COOP:241044,BOZEMAN MONTANA STATE UNIVERSITY MT US,198503,41.7
COOP:241044,BOZEMAN MONTANA STATE UNIVERSITY MT US,198504,60.2
COOP:241044,BOZEMAN MONTANA STATE UNIVERSITY MT US,198505,69.2
COOP:241044,BOZEMAN MONTANA STATE UNIVERSITY MT US,198506,76.4
COOP:241044,BOZEMAN MONTANA STATE UNIVERSITY MT US,198507,87.3
COOP:241044,BOZEMAN MONTANA STATE UNIVERSITY MT US,198508,78.9
COOP:241044,BOZEMAN MONTANA STATE UNIVERSITY MT US,198509,62
COOP:241044,BOZEMAN MONTANA STATE UNIVERSITY MT US,198510,56.2
COOP:241044,BOZEMAN MONTANA STATE UNIVERSITY MT US,198511,27.6
COOP:241044,BOZEMAN MONTANA STATE UNIVERSITY MT US,198512,30.5
COOP:241044,BOZEMAN MONTANA STATE UNIVERSITY MT US,198601,41
COOP:241044,BOZEMAN MONTANA STATE UNIVERSITY MT US,198602,36.9
COOP:241044,BOZEMAN MONTANA STATE UNIVERSITY MT US,198603,55
COOP:241044,BOZEMAN MONTANA STATE UNIVERSITY MT US,198604,55.5
COOP:241044,BOZEMAN MONTANA STATE UNIVERSITY MT US,198605,65.4
COOP:241044,BOZEMAN MONTANA STATE UNIVERSITY MT US,198606,79.4
COOP:241044,BOZEMAN MONTANA STATE UNIVERSITY MT US,198607,77.4
COOP:241044,BOZEMAN MONTANA STATE UNIVERSITY MT US,198608,82.6
COOP:241044,BOZEMAN MONTANA STATE UNIVERSITY MT US,198609,61.5
COOP:241044,BOZEMAN MONTANA STATE UNIVERSITY MT US,198610,60.3
COOP:241044,BOZEMAN MONTANA STATE UNIVERSITY MT US,198611,40.8
COOP:241044,BOZEMAN MONTANA STATE UNIVERSITY MT US,198612,35.1
COOP:241044,BOZEMAN MONTANA STATE UNIVERSITY MT US,198701,35.3
COOP:241044,BOZEMAN MONTANA STATE UNIVERSITY MT US,198702,41.8
COOP:241044,BOZEMAN MONTANA STATE UNIVERSITY MT US,198703,49.2
COOP:241044,BOZEMAN MONTANA STATE UNIVERSITY MT US,198704,66.9
COOP:241044,BOZEMAN MONTANA STATE UNIVERSITY MT US,198705,69.4
COOP:241044,BOZEMAN MONTANA STATE UNIVERSITY MT US,198706,76.9
COOP:241044,BOZEMAN MONTANA STATE UNIVERSITY MT US,198707,77.9
COOP:241044,BOZEMAN MONTANA STATE UNIVERSITY MT US,198708,76.9
COOP:241044,BOZEMAN MONTANA STATE UNIVERSITY MT US,198709,75.4
COOP:241044,BOZEMAN MONTANA STATE UNIVERSITY MT US,198710,65.7
COOP:241044,BOZEMAN MONTANA STATE UNIVERSITY MT US,198711,45.8
COOP:241044,BOZEMAN MONTANA STATE UNIVERSITY MT US,198712,34.9
COOP:241044,BOZEMAN MONTANA STATE UNIVERSITY MT US,198801,31.9
COOP:241044,BOZEMAN MONTANA STATE UNIVERSITY MT US,198802,41.3
COOP:241044,BOZEMAN MONTANA STATE UNIVERSITY MT US,198803,46.1
COOP:241044,BOZEMAN MONTANA STATE UNIVERSITY MT US,198804,59.9
COOP:241044,BOZEMAN MONTANA STATE UNIVERSITY MT US,198805,69.1
COOP:241044,BOZEMAN MONTANA STATE UNIVERSITY MT US,198806,83.6
COOP:241044,BOZEMAN MONTANA STATE UNIVERSITY MT US,198807,87.5
COOP:241044,BOZEMAN MONTANA STATE UNIVERSITY MT US,198808,84.8
COOP:241044,BOZEMAN MONTANA STATE UNIVERSITY MT US,198809,70.8
COOP:241044,BOZEMAN MONTANA STATE UNIVERSITY MT US,198810,66.2
COOP:241044,BOZEMAN MONTANA STATE UNIVERSITY MT US,198811,41.1
COOP:241044,BOZEMAN MONTANA STATE UNIVERSITY MT US,198812,33.9
COOP:241044,BOZEMAN MONTANA STATE UNIVERSITY MT US,198901,36.2
COOP:241044,BOZEMAN MONTANA STATE UNIVERSITY MT US,198902,21.1
COOP:241044,BOZEMAN MONTANA STATE UNIVERSITY MT US,198903,42.4
COOP:241044,BOZEMAN MONTANA STATE UNIVERSITY MT US,198904,55.6
COOP:241044,BOZEMAN MONTANA STATE UNIVERSITY MT US,198905,63.9
COOP:241044,BOZEMAN MONTANA STATE UNIVERSITY MT US,198906,75
COOP:241044,BOZEMAN MONTANA STATE UNIVERSITY MT US,198907,86.2
COOP:241044,BOZEMAN MONTANA STATE UNIVERSITY MT US,198908,78.7
COOP:241044,BOZEMAN MONTANA STATE UNIVERSITY MT US,198909,72.4
COOP:241044,BOZEMAN MONTANA STATE UNIVERSITY MT US,198910,57.2
COOP:241044,BOZEMAN MONTANA STATE UNIVERSITY MT US,198911,46.6
COOP:241044,BOZEMAN MONTANA STATE UNIVERSITY MT US,198912,34.3
COOP:241044,BOZEMAN MONTANA STATE UNIVERSITY MT US,199001,37.3
COOP:241044,BOZEMAN MONTANA STATE UNIVERSITY MT US,199002,39.4
COOP:241044,BOZEMAN MONTANA STATE UNIVERSITY MT US,199003,45.6
COOP:241044,BOZEMAN MONTANA STATE UNIVERSITY MT US,199004,58.8
COOP:241044,BOZEMAN MONTANA STATE UNIVERSITY MT US,199005,62.2
COOP:241044,BOZEMAN MONTANA STATE UNIVERSITY MT US,199006,74.8
COOP:241044,BOZEMAN MONTANA STATE UNIVERSITY MT US,199007,83.4
COOP:241044,BOZEMAN MONTANA STATE UNIVERSITY MT US,199008,82.1
COOP:241044,BOZEMAN MONTANA STATE UNIVERSITY MT US,199009,78.7
COOP:241044,BOZEMAN MONTANA STATE UNIVERSITY MT US,199010,60.2
COOP:241044,BOZEMAN MONTANA STATE UNIVERSITY MT US,199011,48.4
COOP:241044,BOZEMAN MONTANA STATE UNIVERSITY MT US,199012,26.8
COOP:241044,BOZEMAN MONTANA STATE UNIVERSITY MT US,199101,32.9
COOP:241044,BOZEMAN MONTANA STATE UNIVERSITY MT US,199102,48
COOP:241044,BOZEMAN MONTANA STATE UNIVERSITY MT US,199103,45.3
COOP:241044,BOZEMAN MONTANA STATE UNIVERSITY MT US,199104,52.1
COOP:241044,BOZEMAN MONTANA STATE UNIVERSITY MT US,199105,61.2
COOP:241044,BOZEMAN MONTANA STATE UNIVERSITY MT US,199106,72
COOP:241044,BOZEMAN MONTANA STATE UNIVERSITY MT US,199107,84.9
COOP:241044,BOZEMAN MONTANA STATE UNIVERSITY MT US,199108,87
COOP:241044,BOZEMAN MONTANA STATE UNIVERSITY MT US,199109,73.5
COOP:241044,BOZEMAN MONTANA STATE UNIVERSITY MT US,199110,58.3
COOP:241044,BOZEMAN MONTANA STATE UNIVERSITY MT US,199111,38.5
COOP:241044,BOZEMAN MONTANA STATE UNIVERSITY MT US,199112,39.5
COOP:241044,BOZEMAN MONTANA STATE UNIVERSITY MT US,199201,39.7
COOP:241044,BOZEMAN MONTANA STATE UNIVERSITY MT US,199202,47
COOP:241044,BOZEMAN MONTANA STATE UNIVERSITY MT US,199203,55.6
COOP:241044,BOZEMAN MONTANA STATE UNIVERSITY MT US,199204,60.6
COOP:241044,BOZEMAN MONTANA STATE UNIVERSITY MT US,199205,70.7
COOP:241044,BOZEMAN MONTANA STATE UNIVERSITY MT US,199206,75
COOP:241044,BOZEMAN MONTANA STATE UNIVERSITY MT US,199207,75.4
COOP:241044,BOZEMAN MONTANA STATE UNIVERSITY MT US,199208,79.5
COOP:241044,BOZEMAN MONTANA STATE UNIVERSITY MT US,199209,72.1
COOP:241044,BOZEMAN MONTANA STATE UNIVERSITY MT US,199210,63.2
COOP:241044,BOZEMAN MONTANA STATE UNIVERSITY MT US,199211,39.7
COOP:241044,BOZEMAN MONTANA STATE UNIVERSITY MT US,199212,28.4
COOP:241044,BOZEMAN MONTANA STATE UNIVERSITY MT US,199301,29
COOP:241044,BOZEMAN MONTANA STATE UNIVERSITY MT US,199302,30.1
COOP:241044,BOZEMAN MONTANA STATE UNIVERSITY MT US,199303,50
COOP:241044,BOZEMAN MONTANA STATE UNIVERSITY MT US,199304,55.1
COOP:241044,BOZEMAN MONTANA STATE UNIVERSITY MT US,199305,69.1
COOP:241044,BOZEMAN MONTANA STATE UNIVERSITY MT US,199306,69.7
COOP:241044,BOZEMAN MONTANA STATE UNIVERSITY MT US,199307,70.2
COOP:241044,BOZEMAN MONTANA STATE UNIVERSITY MT US,199308,74.5
COOP:241044,BOZEMAN MONTANA STATE UNIVERSITY MT US,199309,70
COOP:241044,BOZEMAN MONTANA STATE UNIVERSITY MT US,199310,59.4
COOP:241044,BOZEMAN MONTANA STATE UNIVERSITY MT US,199311,38.5
COOP:241044,BOZEMAN MONTANA STATE UNIVERSITY MT US,199312,38.1
COOP:241044,BOZEMAN MONTANA STATE UNIVERSITY MT US,199401,41.4
COOP:241044,BOZEMAN MONTANA STATE UNIVERSITY MT US,199402,36.9
COOP:241044,BOZEMAN MONTANA STATE UNIVERSITY MT US,199403,52.5
COOP:241044,BOZEMAN MONTANA STATE UNIVERSITY MT US,199404,59.7
COOP:241044,BOZEMAN MONTANA STATE UNIVERSITY MT US,199405,69.5
COOP:241044,BOZEMAN MONTANA STATE UNIVERSITY MT US,199406,75.5
COOP:241044,BOZEMAN MONTANA STATE UNIVERSITY MT US,199407,83.3
COOP:241044,BOZEMAN MONTANA STATE UNIVERSITY MT US,199408,85.5
COOP:241044,BOZEMAN MONTANA STATE UNIVERSITY MT US,199409,77.3
COOP:241044,BOZEMAN MONTANA STATE UNIVERSITY MT US,199410,55.8
COOP:241044,BOZEMAN MONTANA STATE UNIVERSITY MT US,199411,38.3
COOP:241044,BOZEMAN MONTANA STATE UNIVERSITY MT US,199412,36.5
COOP:241044,BOZEMAN MONTANA STATE UNIVERSITY MT US,199501,34.5
COOP:241044,BOZEMAN MONTANA STATE UNIVERSITY MT US,199502,42.8
COOP:241044,BOZEMAN MONTANA STATE UNIVERSITY MT US,199503,45
COOP:241044,BOZEMAN MONTANA STATE UNIVERSITY MT US,199504,53.1
COOP:241044,BOZEMAN MONTANA STATE UNIVERSITY MT US,199505,61.5
COOP:241044,BOZEMAN MONTANA STATE UNIVERSITY MT US,199506,73.2
COOP:241044,BOZEMAN MONTANA STATE UNIVERSITY MT US,199507,82.1
COOP:241044,BOZEMAN MONTANA STATE UNIVERSITY MT US,199508,85.5
COOP:241044,BOZEMAN MONTANA STATE UNIVERSITY MT US,199511,46.8
COOP:241044,BOZEMAN MONTANA STATE UNIVERSITY MT US,199512,37.7
COOP:241044,BOZEMAN MONTANA STATE UNIVERSITY MT US,199601,30.4
COOP:241044,BOZEMAN MONTANA STATE UNIVERSITY MT US,199602,37.6
COOP:241044,BOZEMAN MONTANA STATE UNIVERSITY MT US,199603,40.5
COOP:241044,BOZEMAN MONTANA STATE UNIVERSITY MT US,199604,57.4
COOP:241044,BOZEMAN MONTANA STATE UNIVERSITY MT US,199605,57.7
COOP:241044,BOZEMAN MONTANA STATE UNIVERSITY MT US,199606,76.8
COOP:241044,BOZEMAN MONTANA STATE UNIVERSITY MT US,199607,84.4
COOP:241044,BOZEMAN MONTANA STATE UNIVERSITY MT US,199608,84.6
COOP:241044,BOZEMAN MONTANA STATE UNIVERSITY MT US,199609,70
COOP:241044,BOZEMAN MONTANA STATE UNIVERSITY MT US,199610,57.8
COOP:241044,BOZEMAN MONTANA STATE UNIVERSITY MT US,199611,39.5
COOP:241044,BOZEMAN MONTANA STATE UNIVERSITY MT US,199612,33.5
COOP:241044,BOZEMAN MONTANA STATE UNIVERSITY MT US,199701,30.8
COOP:241044,BOZEMAN MONTANA STATE UNIVERSITY MT US,199702,36.6
COOP:241044,BOZEMAN MONTANA STATE UNIVERSITY MT US,199703,48.7
COOP:241044,BOZEMAN MONTANA STATE UNIVERSITY MT US,199704,48.8
COOP:241044,BOZEMAN MONTANA STATE UNIVERSITY MT US,199705,66.9
COOP:241044,BOZEMAN MONTANA STATE UNIVERSITY MT US,199706,71.7
COOP:241044,BOZEMAN MONTANA STATE UNIVERSITY MT US,199707,77.8
COOP:241044,BOZEMAN MONTANA STATE UNIVERSITY MT US,199708,79.6
COOP:241044,BOZEMAN MONTANA STATE UNIVERSITY MT US,199709,73.5
COOP:241044,BOZEMAN MONTANA STATE UNIVERSITY MT US,199710,57.3
COOP:241044,BOZEMAN MONTANA STATE UNIVERSITY MT US,199711,43
COOP:241044,BOZEMAN MONTANA STATE UNIVERSITY MT US,199712,32.8
COOP:241044,BOZEMAN MONTANA STATE UNIVERSITY MT US,199801,34.9
COOP:241044,BOZEMAN MONTANA STATE UNIVERSITY MT US,199802,40.6
COOP:241044,BOZEMAN MONTANA STATE UNIVERSITY MT US,199803,44.3
COOP:241044,BOZEMAN MONTANA STATE UNIVERSITY MT US,199804,56.5
COOP:241044,BOZEMAN MONTANA STATE UNIVERSITY MT US,199805,69.1
COOP:241044,BOZEMAN MONTANA STATE UNIVERSITY MT US,199806,66.2
COOP:241044,BOZEMAN MONTANA STATE UNIVERSITY MT US,199807,84.1
COOP:241044,BOZEMAN MONTANA STATE UNIVERSITY MT US,199808,84.1
COOP:241044,BOZEMAN MONTANA STATE UNIVERSITY MT US,199809,77.2
COOP:241044,BOZEMAN MONTANA STATE UNIVERSITY MT US,199810,57.8
COOP:241044,BOZEMAN MONTANA STATE UNIVERSITY MT US,199811,45.8
COOP:241044,BOZEMAN MONTANA STATE UNIVERSITY MT US,199812,32.6
COOP:241044,BOZEMAN MONTANA STATE UNIVERSITY MT US,199901,37.2
COOP:241044,BOZEMAN MONTANA STATE UNIVERSITY MT US,199902,42.1
COOP:241044,BOZEMAN MONTANA STATE UNIVERSITY MT US,199903,49.1
COOP:241044,BOZEMAN MONTANA STATE UNIVERSITY MT US,199904,53
COOP:241044,BOZEMAN MONTANA STATE UNIVERSITY MT US,199905,62
COOP:241044,BOZEMAN MONTANA STATE UNIVERSITY MT US,199906,70.4
COOP:241044,BOZEMAN MONTANA STATE UNIVERSITY MT US,199907,82.3
COOP:241044,BOZEMAN MONTANA STATE UNIVERSITY MT US,199908,84.2
COOP:241044,BOZEMAN MONTANA STATE UNIVERSITY MT US,199909,69
COOP:241044,BOZEMAN MONTANA STATE UNIVERSITY MT US,199910,64.2
COOP:241044,BOZEMAN MONTANA STATE UNIVERSITY MT US,199911,55.1
COOP:241044,BOZEMAN MONTANA STATE UNIVERSITY MT US,199912,38.7
COOP:241044,BOZEMAN MONTANA STATE UNIVERSITY MT US,200001,36.6
COOP:241044,BOZEMAN MONTANA STATE UNIVERSITY MT US,200002,44.1
COOP:241044,BOZEMAN MONTANA STATE UNIVERSITY MT US,200003,49.9
COOP:241044,BOZEMAN MONTANA STATE UNIVERSITY MT US,200004,60.5
COOP:241044,BOZEMAN MONTANA STATE UNIVERSITY MT US,200005,64.8
COOP:241044,BOZEMAN MONTANA STATE UNIVERSITY MT US,200006,74.2
COOP:241044,BOZEMAN MONTANA STATE UNIVERSITY MT US,200007,86
COOP:241044,BOZEMAN MONTANA STATE UNIVERSITY MT US,200008,85.4
COOP:241044,BOZEMAN MONTANA STATE UNIVERSITY MT US,200009,70.6
COOP:241044,BOZEMAN MONTANA STATE UNIVERSITY MT US,200010,57
COOP:241044,BOZEMAN MONTANA STATE UNIVERSITY MT US,200011,32.2
COOP:241044,BOZEMAN MONTANA STATE UNIVERSITY MT US,200012,32.1
COOP:241044,BOZEMAN MONTANA STATE UNIVERSITY MT US,200101,34.3
COOP:241044,BOZEMAN MONTANA STATE UNIVERSITY MT US,200102,32.6
COOP:241044,BOZEMAN MONTANA STATE UNIVERSITY MT US,200103,47.1
COOP:241044,BOZEMAN MONTANA STATE UNIVERSITY MT US,200104,55.5
COOP:241044,BOZEMAN MONTANA STATE UNIVERSITY MT US,200105,70.6
COOP:241044,BOZEMAN MONTANA STATE UNIVERSITY MT US,200106,74.5
COOP:241044,BOZEMAN MONTANA STATE UNIVERSITY MT US,200107,83.1
COOP:241044,BOZEMAN MONTANA STATE UNIVERSITY MT US,200108,87.8
COOP:241044,BOZEMAN MONTANA STATE UNIVERSITY MT US,200109,77.9
COOP:241044,BOZEMAN MONTANA STATE UNIVERSITY MT US,200110,58.7
COOP:241044,BOZEMAN MONTANA STATE UNIVERSITY MT US,200111,51.9
COOP:241044,BOZEMAN MONTANA STATE UNIVERSITY MT US,200112,35.8
COOP:241044,BOZEMAN MONTANA STATE UNIVERSITY MT US,200201,35.9
COOP:241044,BOZEMAN MONTANA STATE UNIVERSITY MT US,200202,38.2
COOP:241044,BOZEMAN MONTANA STATE UNIVERSITY MT US,200203,39
COOP:241044,BOZEMAN MONTANA STATE UNIVERSITY MT US,200204,55.5
COOP:241044,BOZEMAN MONTANA STATE UNIVERSITY MT US,200205,63
COOP:241044,BOZEMAN MONTANA STATE UNIVERSITY MT US,200206,73.8
COOP:241044,BOZEMAN MONTANA STATE UNIVERSITY MT US,200207,86.5
COOP:241044,BOZEMAN MONTANA STATE UNIVERSITY MT US,200208,79.6
COOP:241044,BOZEMAN MONTANA STATE UNIVERSITY MT US,200209,72.8
COOP:241044,BOZEMAN MONTANA STATE UNIVERSITY MT US,200210,54.4
COOP:241044,BOZEMAN MONTANA STATE UNIVERSITY MT US,200211,45.1
COOP:241044,BOZEMAN MONTANA STATE UNIVERSITY MT US,200212,40.5
COOP:241044,BOZEMAN MONTANA STATE UNIVERSITY MT US,200301,41.4
COOP:241044,BOZEMAN MONTANA STATE UNIVERSITY MT US,200302,34.5
COOP:241044,BOZEMAN MONTANA STATE UNIVERSITY MT US,200303,46.4
COOP:241044,BOZEMAN MONTANA STATE UNIVERSITY MT US,200304,58.1
COOP:241044,BOZEMAN MONTANA STATE UNIVERSITY MT US,200305,64.8
COOP:241044,BOZEMAN MONTANA STATE UNIVERSITY MT US,200306,73.6
COOP:241044,BOZEMAN MONTANA STATE UNIVERSITY MT US,200307,89.9
COOP:241044,BOZEMAN MONTANA STATE UNIVERSITY MT US,200308,88.6
COOP:241044,BOZEMAN MONTANA STATE UNIVERSITY MT US,200309,74.3
COOP:241044,BOZEMAN MONTANA STATE UNIVERSITY MT US,200310,66.9
COOP:241044,BOZEMAN MONTANA STATE UNIVERSITY MT US,200311,39.5
COOP:241044,BOZEMAN MONTANA STATE UNIVERSITY MT US,200312,38.6
COOP:241044,BOZEMAN MONTANA STATE UNIVERSITY MT US,200401,34.7
COOP:241044,BOZEMAN MONTANA STATE UNIVERSITY MT US,200402,38.3
COOP:241044,BOZEMAN MONTANA STATE UNIVERSITY MT US,200403,54.9
COOP:241044,BOZEMAN MONTANA STATE UNIVERSITY MT US,200404,60.8
COOP:241044,BOZEMAN MONTANA STATE UNIVERSITY MT US,200405,62.2
COOP:241044,BOZEMAN MONTANA STATE UNIVERSITY MT US,200406,71.2
COOP:241044,BOZEMAN MONTANA STATE UNIVERSITY MT US,200407,82.4
COOP:241044,BOZEMAN MONTANA STATE UNIVERSITY MT US,200408,79.6
COOP:241044,BOZEMAN MONTANA STATE UNIVERSITY MT US,200409,69.3
COOP:241044,BOZEMAN MONTANA STATE UNIVERSITY MT US,200410,59.4
COOP:241044,BOZEMAN MONTANA STATE UNIVERSITY MT US,200411,45.6
COOP:241044,BOZEMAN MONTANA STATE UNIVERSITY MT US,200412,40.5
COOP:241044,BOZEMAN MONTANA STATE UNIVERSITY MT US,200501,35.4
COOP:241044,BOZEMAN MONTANA STATE UNIVERSITY MT US,200502,45.8
COOP:241044,BOZEMAN MONTANA STATE UNIVERSITY MT US,200503,49.7
COOP:241044,BOZEMAN MONTANA STATE UNIVERSITY MT US,200504,57.9
COOP:241044,BOZEMAN MONTANA STATE UNIVERSITY MT US,200505,64.1
COOP:241044,BOZEMAN MONTANA STATE UNIVERSITY MT US,200506,71.4
COOP:241044,BOZEMAN MONTANA STATE UNIVERSITY MT US,200507,86.5
COOP:241044,BOZEMAN MONTANA STATE UNIVERSITY MT US,200508,82.4
COOP:241044,BOZEMAN MONTANA STATE UNIVERSITY MT US,200509,73.6
COOP:241044,BOZEMAN MONTANA STATE UNIVERSITY MT US,200510,63.4
COOP:241044,BOZEMAN MONTANA STATE UNIVERSITY MT US,200511,44.2
COOP:241044,BOZEMAN MONTANA STATE UNIVERSITY MT US,200512,32.6
COOP:241044,BOZEMAN MONTANA STATE UNIVERSITY MT US,200601,42.1
COOP:241044,BOZEMAN MONTANA STATE UNIVERSITY MT US,200602,36.8
COOP:241044,BOZEMAN MONTANA STATE UNIVERSITY MT US,200603,46.2
COOP:241044,BOZEMAN MONTANA STATE UNIVERSITY MT US,200604,61.1
COOP:241044,BOZEMAN MONTANA STATE UNIVERSITY MT US,200605,68.8
COOP:241044,BOZEMAN MONTANA STATE UNIVERSITY MT US,200606,77.4
COOP:241044,BOZEMAN MONTANA STATE UNIVERSITY MT US,200607,89.1
COOP:241044,BOZEMAN MONTANA STATE UNIVERSITY MT US,200608,82.5
COOP:241044,BOZEMAN MONTANA STATE UNIVERSITY MT US,200609,71.6
COOP:241044,BOZEMAN MONTANA STATE UNIVERSITY MT US,200610,57.7
COOP:241044,BOZEMAN MONTANA STATE UNIVERSITY MT US,200611,44.5
COOP:241044,BOZEMAN MONTANA STATE UNIVERSITY MT US,200612,37.6
COOP:241044,BOZEMAN MONTANA STATE UNIVERSITY MT US,200701,33.5
COOP:241044,BOZEMAN MONTANA STATE UNIVERSITY MT US,200702,40.3
COOP:241044,BOZEMAN MONTANA STATE UNIVERSITY MT US,200703,54.5
COOP:241044,BOZEMAN MONTANA STATE UNIVERSITY MT US,200704,57.3
COOP:241044,BOZEMAN MONTANA STATE UNIVERSITY MT US,200705,69.4
COOP:241044,BOZEMAN MONTANA STATE UNIVERSITY MT US,200706,77.8
COOP:241044,BOZEMAN MONTANA STATE UNIVERSITY MT US,200707,92.3
COOP:241044,BOZEMAN MONTANA STATE UNIVERSITY MT US,200708,84.5
COOP:241044,BOZEMAN MONTANA STATE UNIVERSITY MT US,200709,72.7
COOP:241044,BOZEMAN MONTANA STATE UNIVERSITY MT US,200710,59.5
COOP:241044,BOZEMAN MONTANA STATE UNIVERSITY MT US,200711,45.3
COOP:241044,BOZEMAN MONTANA STATE UNIVERSITY MT US,200712,33.5
COOP:241044,BOZEMAN MONTANA STATE UNIVERSITY MT US,200801,33.6
COOP:241044,BOZEMAN MONTANA STATE UNIVERSITY MT US,200802,40.7
COOP:241044,BOZEMAN MONTANA STATE UNIVERSITY MT US,200803,44.5
COOP:241044,BOZEMAN MONTANA STATE UNIVERSITY MT US,200804,53.8
COOP:241044,BOZEMAN MONTANA STATE UNIVERSITY MT US,200805,62.2
COOP:241044,BOZEMAN MONTANA STATE UNIVERSITY MT US,200806,72.7
COOP:241044,BOZEMAN MONTANA STATE UNIVERSITY MT US,200807,85
COOP:241044,BOZEMAN MONTANA STATE UNIVERSITY MT US,200808,84.4
COOP:241044,BOZEMAN MONTANA STATE UNIVERSITY MT US,200809,71.5
COOP:241044,BOZEMAN MONTANA STATE UNIVERSITY MT US,200810,61.1
COOP:241044,BOZEMAN MONTANA STATE UNIVERSITY MT US,200811,48.6
COOP:241044,BOZEMAN MONTANA STATE UNIVERSITY MT US,200812,29.8
COOP:241044,BOZEMAN MONTANA STATE UNIVERSITY MT US,200901,37.9
COOP:241044,BOZEMAN MONTANA STATE UNIVERSITY MT US,200902,42.5
COOP:241044,BOZEMAN MONTANA STATE UNIVERSITY MT US,200903,43.7
COOP:241044,BOZEMAN MONTANA STATE UNIVERSITY MT US,200904,53.6
COOP:241044,BOZEMAN MONTANA STATE UNIVERSITY MT US,200905,68.3
COOP:241044,BOZEMAN MONTANA STATE UNIVERSITY MT US,200906,70.9
COOP:241044,BOZEMAN MONTANA STATE UNIVERSITY MT US,200907,82.5
COOP:241044,BOZEMAN MONTANA STATE UNIVERSITY MT US,200908,81.2
COOP:241044,BOZEMAN MONTANA STATE UNIVERSITY MT US,200909,80.5
COOP:241044,BOZEMAN MONTANA STATE UNIVERSITY MT US,200910,50.3
COOP:241044,BOZEMAN MONTANA STATE UNIVERSITY MT US,200911,46.5
COOP:241044,BOZEMAN MONTANA STATE UNIVERSITY MT US,200912,27
COOP:241044,BOZEMAN MONTANA STATE UNIVERSITY MT US,201001,34
COOP:241044,BOZEMAN MONTANA STATE UNIVERSITY MT US,201002,34.9
COOP:241044,BOZEMAN MONTANA STATE UNIVERSITY MT US,201003,48.2
COOP:241044,BOZEMAN MONTANA STATE UNIVERSITY MT US,201004,54
COOP:241044,BOZEMAN MONTANA STATE UNIVERSITY MT US,201005,56.9
COOP:241044,BOZEMAN MONTANA STATE UNIVERSITY MT US,201006,68.2
COOP:241044,BOZEMAN MONTANA STATE UNIVERSITY MT US,201007,79.8
COOP:241044,BOZEMAN MONTANA STATE UNIVERSITY MT US,201008,78.5
COOP:241044,BOZEMAN MONTANA STATE UNIVERSITY MT US,201009,71.1
COOP:241044,BOZEMAN MONTANA STATE UNIVERSITY MT US,201010,62.8
COOP:241044,BOZEMAN MONTANA STATE UNIVERSITY MT US,201011,37
COOP:241044,BOZEMAN MONTANA STATE UNIVERSITY MT US,201012,32.5
COOP:241044,BOZEMAN MONTANA STATE UNIVERSITY MT US,201101,33.4
COOP:241044,BOZEMAN MONTANA STATE UNIVERSITY MT US,201102,30.8
COOP:241044,BOZEMAN MONTANA STATE UNIVERSITY MT US,201103,44.4
COOP:241044,BOZEMAN MONTANA STATE UNIVERSITY MT US,201104,49.5
COOP:241044,BOZEMAN MONTANA STATE UNIVERSITY MT US,201105,58.4
COOP:241044,BOZEMAN MONTANA STATE UNIVERSITY MT US,201106,69.4
COOP:241044,BOZEMAN MONTANA STATE UNIVERSITY MT US,201107,83.4
COOP:241044,BOZEMAN MONTANA STATE UNIVERSITY MT US,201108,83
COOP:241044,BOZEMAN MONTANA STATE UNIVERSITY MT US,201109,76.5
COOP:241044,BOZEMAN MONTANA STATE UNIVERSITY MT US,201110,58.7
COOP:241044,BOZEMAN MONTANA STATE UNIVERSITY MT US,201111,42.3
COOP:241044,BOZEMAN MONTANA STATE UNIVERSITY MT US,201112,36.2
COOP:241044,BOZEMAN MONTANA STATE UNIVERSITY MT US,201201,40.5
COOP:241044,BOZEMAN MONTANA STATE UNIVERSITY MT US,201202,36.2
COOP:241044,BOZEMAN MONTANA STATE UNIVERSITY MT US,201203,53.7
COOP:241044,BOZEMAN MONTANA STATE UNIVERSITY MT US,201204,60.3
COOP:241044,BOZEMAN MONTANA STATE UNIVERSITY MT US,201205,62.6
COOP:241044,BOZEMAN MONTANA STATE UNIVERSITY MT US,201206,75.1
COOP:241044,BOZEMAN MONTANA STATE UNIVERSITY MT US,201207,86.1
COOP:241044,BOZEMAN MONTANA STATE UNIVERSITY MT US,201208,84.3
COOP:241044,BOZEMAN MONTANA STATE UNIVERSITY MT US,201209,75.6
COOP:241044,BOZEMAN MONTANA STATE UNIVERSITY MT US,201210,57
COOP:241044,BOZEMAN MONTANA STATE UNIVERSITY MT US,201211,46.9
COOP:241044,BOZEMAN MONTANA STATE UNIVERSITY MT US,201212,34
COOP:241044,BOZEMAN MONTANA STATE UNIVERSITY MT US,201301,33.9
COOP:241044,BOZEMAN MONTANA STATE UNIVERSITY MT US,201302,37.1
COOP:241044,BOZEMAN MONTANA STATE UNIVERSITY MT US,201303,45.9
COOP:241044,BOZEMAN MONTANA STATE UNIVERSITY MT US,201304,51.8
COOP:241044,BOZEMAN MONTANA STATE UNIVERSITY MT US,201305,63.8
COOP:241044,BOZEMAN MONTANA STATE UNIVERSITY MT US,201306,74.2
COOP:241044,BOZEMAN MONTANA STATE UNIVERSITY MT US,201307,84.2
COOP:241044,BOZEMAN MONTANA STATE UNIVERSITY MT US,201308,83
COOP:241044,BOZEMAN MONTANA STATE UNIVERSITY MT US,201309,70.6
COOP:241044,BOZEMAN MONTANA STATE UNIVERSITY MT US,201310,53
COOP:241044,BOZEMAN MONTANA STATE UNIVERSITY MT US,201311,43.9
COOP:241044,BOZEMAN MONTANA STATE UNIVERSITY MT US,201312,29.9
COOP:241044,BOZEMAN MONTANA STATE UNIVERSITY MT US,201401,38.4
COOP:241044,BOZEMAN MONTANA STATE UNIVERSITY MT US,201402,26.9
COOP:241044,BOZEMAN MONTANA STATE UNIVERSITY MT US,201403,42.3
COOP:241044,BOZEMAN MONTANA STATE UNIVERSITY MT US,201404,55
COOP:241044,BOZEMAN MONTANA STATE UNIVERSITY MT US,201405,64
COOP:241044,BOZEMAN MONTANA STATE UNIVERSITY MT US,201406,68.3
COOP:241044,BOZEMAN MONTANA STATE UNIVERSITY MT US,201407,84.2
COOP:241044,BOZEMAN MONTANA STATE UNIVERSITY MT US,201408,79
COOP:241044,BOZEMAN MONTANA STATE UNIVERSITY MT US,201409,72.5
COOP:241044,BOZEMAN MONTANA STATE UNIVERSITY MT US,201410,66.2
COOP:241044,BOZEMAN MONTANA STATE UNIVERSITY MT US,201411,40.5
COOP:241044,BOZEMAN MONTANA STATE UNIVERSITY MT US,201412,38
COOP:241044,BOZEMAN MONTANA STATE UNIVERSITY MT US,201502,44.9
COOP:241044,BOZEMAN MONTANA STATE UNIVERSITY MT US,201503,54.8
COOP:241044,BOZEMAN MONTANA STATE UNIVERSITY MT US,201504,57.1
COOP:241044,BOZEMAN MONTANA STATE UNIVERSITY MT US,201505,60.9
COOP:241044,BOZEMAN MONTANA STATE UNIVERSITY MT US,201506,79.8
COOP:241044,BOZEMAN MONTANA STATE UNIVERSITY MT US,201507,80.1
COOP:241044,BOZEMAN MONTANA STATE UNIVERSITY MT US,201508,82
COOP:241044,BOZEMAN MONTANA STATE UNIVERSITY MT US,201509,73.9
COOP:241044,BOZEMAN MONTANA STATE UNIVERSITY MT US,201510,62.8
COOP:241044,BOZEMAN MONTANA STATE UNIVERSITY MT US,201511,38.6
